locus_tag,INPUT,RHIZO,GIFU,NFR5,COL0,ES,TY,GR,state
R7A2020_28750,0.026,0.061,0.033,0.023,0.022,0.102,0.045,0.035,NE
R7A2020_28755,0.021,0.035,0.016,0.014,0.012,0.084,0.036,0.03,NE
R7A2020_28760,0.001,0,0,0,0,0.006,0.004,0.001,ICE-ES
R7A2020_28765,0.008,0.023,0.01,0.012,0.006,0.061,0.033,0.025,NE
R7A2020_28770,0.02,0.033,0.02,0.02,0.007,0.052,0.013,0.016,NE
R7A2020_28775,0,0.002,0,0,0.002,0,0,0,ICE-ES
R7A2020_28780,0.01,0.025,0.009,0.005,0.01,0.054,0.027,0.022,NE
R7A2020_28785,0.015,0.023,0.007,0.012,0.006,0.054,0.024,0.009,NE
R7A2020_28790,0.033,0.04,0.022,0.018,0.011,0.087,0.029,0.007,NE
R7A2020_28795,0.011,0.048,0.016,0.021,0.021,0.037,0.011,0.011,NE
R7A2020_28800,0.063,0.086,0.023,0.039,0.055,0.172,0.063,0.023,NE
R7A2020_28805,0.047,0.074,0.036,0.031,0.03,0.125,0.041,0.027,NE
R7A2020_28810,0.049,0.092,0.054,0.033,0.04,0.132,0.059,0.031,NE
R7A2020_28815,0.042,0.084,0.044,0.031,0.039,0.128,0.05,0.037,NE
R7A2020_28820,0.042,0.072,0.035,0.027,0.024,0.114,0.046,0.026,NE
R7A2020_28825,0.023,0.086,0.023,0.031,0.039,0.102,0.047,0.016,NE
R7A2020_28830,0.047,0.079,0.045,0.029,0.032,0.119,0.045,0.042,NE
R7A2020_28835,0.042,0.064,0.037,0.02,0.026,0.127,0.049,0.034,NE
R7A2020_28840,0.039,0.07,0.035,0.028,0.024,0.081,0.024,0.015,NE
R7A2020_28845,0.026,0.061,0.026,0.03,0.02,0.093,0.039,0.02,NE
R7A2020_28850,0.048,0.072,0.033,0.029,0.037,0.132,0.061,0.041,NE
R7A2020_28855,0.034,0.056,0.021,0.026,0.034,0.086,0.026,0.013,NE
R7A2020_28860,0.04,0.063,0.033,0.029,0.019,0.103,0.038,0.03,NE
R7A2020_28865,0.04,0.07,0.035,0.033,0.026,0.128,0.055,0.037,NE
R7A2020_28870,0.055,0.091,0.049,0.039,0.032,0.152,0.061,0.05,NE
R7A2020_28875,0.06,0.072,0.033,0.029,0.034,0.162,0.058,0.052,NE
R7A2020_28880,0.049,0.086,0.037,0.031,0.032,0.142,0.058,0.052,NE
R7A2020_28885,0.052,0.082,0.04,0.036,0.032,0.136,0.048,0.041,NE
R7A2020_28890,0.056,0.107,0.06,0.047,0.043,0.197,0.082,0.047,NE
R7A2020_28895,0.045,0.076,0.042,0.042,0.038,0.125,0.053,0.045,NE
R7A2020_28900,0.063,0.08,0.034,0.039,0.036,0.182,0.068,0.067,NE
R7A2020_28905,0.054,0.079,0.042,0.02,0.034,0.133,0.04,0.045,NE
R7A2020_28910,0.042,0.068,0.038,0.029,0.028,0.118,0.053,0.031,NE
R7A2020_28915,0.034,0.045,0.022,0.011,0.006,0.118,0.067,0.034,NE
R7A2020_28920,0.039,0.045,0.012,0.021,0.021,0.111,0.039,0.036,NE
R7A2020_28925,0.018,0.029,0.006,0.018,0.006,0.044,0.021,0.009,NE
R7A2020_28930,0.03,0.053,0.019,0.017,0.023,0.114,0.051,0.036,NE
R7A2020_28935,0.033,0.058,0.026,0.027,0.022,0.096,0.038,0.034,NE
R7A2020_28940,0.016,0.031,0.016,0.01,0.014,0.059,0.031,0.015,NE
R7A2020_28945,0.047,0.076,0.029,0.035,0.047,0.129,0.088,0.006,NE
R7A2020_28950,0.04,0.064,0.029,0.025,0.023,0.126,0.057,0.041,NE
R7A2020_28955,0.049,0.067,0.033,0.031,0.02,0.131,0.058,0.036,NE
R7A2020_28960,0.037,0.075,0.039,0.041,0.023,0.112,0.059,0.027,NE
R7A2020_28965,0.034,0.055,0.019,0.024,0.032,0.123,0.049,0.043,NE
R7A2020_28970,0.05,0.084,0.042,0.057,0.029,0.128,0.051,0.042,NE
R7A2020_28975,0.034,0.057,0.022,0.021,0.021,0.098,0.034,0.032,NE
R7A2020_28980,0.009,0.036,0.018,0,0.018,0.036,0.009,0.009,NE
R7A2020_28985,0.023,0.053,0.017,0.023,0.021,0.105,0.07,0.028,NE
R7A2020_28990,0.013,0.027,0.012,0.009,0.01,0.063,0.026,0.024,NE
R7A2020_28995,0.012,0.028,0.011,0.007,0.016,0.056,0.025,0.017,NE
R7A2020_29000,0.023,0.033,0.014,0.009,0.011,0.076,0.029,0.027,NE
R7A2020_29005,0.005,0.021,0.008,0.008,0.007,0.048,0.028,0.011,NE
R7A2020_29010,0.008,0.015,0.005,0.003,0.008,0.054,0.026,0.013,NE
R7A2020_29015,0,0.007,0.007,0,0,0,0,0,ICE-ES
R7A2020_29020,0.016,0.022,0.008,0.007,0.013,0.065,0.029,0.021,NE
R7A2020_29025,0.005,0.019,0.007,0.009,0.007,0.031,0.016,0.009,NE
R7A2020_29030,0.019,0.024,0.012,0.009,0.005,0.07,0.031,0.022,NE
R7A2020_29035,0.039,0.057,0.014,0.032,0.018,0.125,0.061,0.039,NE
R7A2020_29040,0.038,0.051,0.022,0.019,0.019,0.128,0.042,0.038,NE
R7A2020_29045,0.035,0.065,0.03,0.026,0.021,0.104,0.039,0.029,NE
R7A2020_29050,0.04,0.058,0.026,0.029,0.024,0.105,0.045,0.026,NE
R7A2020_29055,0.034,0.051,0.024,0.014,0.024,0.119,0.071,0.037,NE
R7A2020_29060,0.042,0.071,0.036,0.031,0.028,0.117,0.051,0.029,NE
R7A2020_29065,0.021,0.051,0.023,0.024,0.011,0.074,0.033,0.02,NE
R7A2020_29070,0.024,0.039,0.014,0.016,0.011,0.076,0.03,0.022,NE
R7A2020_29075,0.016,0.016,0.005,0,0.011,0.077,0.022,0.027,NE
R7A2020_29080,0.038,0.056,0.026,0.023,0.023,0.127,0.055,0.043,NE
R7A2020_29085,0.092,0.14,0.087,0.073,0.073,0.188,0.058,0.04,NE
R7A2020_29090,0.091,0.129,0.056,0.069,0.052,0.214,0.082,0.047,NE
R7A2020_29095,0.089,0.149,0.082,0.074,0.072,0.171,0.058,0.038,NE
R7A2020_29100,0.105,0.163,0.088,0.078,0.088,0.226,0.072,0.063,NE
R7A2020_29105,0.08,0.125,0.069,0.053,0.066,0.182,0.063,0.033,NE
R7A2020_29110,0.104,0.152,0.086,0.079,0.08,0.212,0.068,0.046,NE
R7A2020_29115,0.093,0.142,0.073,0.057,0.068,0.193,0.067,0.049,NE
R7A2020_29120,0.078,0.124,0.061,0.061,0.048,0.176,0.058,0.041,NE
R7A2020_29125,0.042,0.072,0.032,0.032,0.025,0.095,0.025,0.017,NE
R7A2020_29130,0.032,0.056,0.027,0.015,0.027,0.135,0.044,0.047,NE
R7A2020_29135,0.012,0.043,0.024,0.024,0.024,0.073,0.055,0.012,NE
R7A2020_29140,0.064,0.085,0.042,0.04,0.039,0.152,0.052,0.04,NE
R7A2020_29145,0.035,0.058,0.025,0.026,0.022,0.11,0.041,0.032,NE
R7A2020_29150,0.029,0.071,0.034,0.028,0.025,0.11,0.053,0.039,NE
R7A2020_29155,0.032,0.051,0.026,0.019,0.021,0.102,0.041,0.029,NE
R7A2020_29160,0.043,0.082,0.035,0.037,0.027,0.125,0.038,0.04,NE
R7A2020_29165,0.043,0.053,0.025,0.016,0.03,0.125,0.058,0.026,NE
R7A2020_29170,0.053,0.083,0.047,0.023,0.044,0.125,0.042,0.031,NE
R7A2020_29175,0.06,0.102,0.061,0.043,0.043,0.152,0.057,0.042,NE
R7A2020_29180,0.033,0.06,0.023,0.022,0.021,0.112,0.053,0.038,NE
R7A2020_29185,0.025,0.035,0.017,0.011,0.011,0.089,0.038,0.026,NE
R7A2020_29190,0.011,0.024,0.014,0.007,0.006,0.058,0.031,0.014,NE
R7A2020_29195,0.012,0.022,0.012,0.008,0.007,0.057,0.025,0.017,NE
R7A2020_29200,0.016,0.022,0.01,0.009,0.009,0.063,0.022,0.016,NE
R7A2020_29205,0.02,0.039,0.017,0.018,0.015,0.09,0.046,0.026,NE
R7A2020_29210,0,0.001,0,0,0.001,0.002,0.001,0,ICE-ES
R7A2020_29215,0.017,0.021,0.007,0.01,0.007,0.072,0.029,0.024,NE
R7A2020_29220,0.02,0.029,0.013,0.008,0.012,0.077,0.035,0.019,NE
R7A2020_29225,0.017,0.037,0.016,0.019,0.012,0.077,0.039,0.022,NE
R7A2020_29230,0.013,0.029,0.01,0.011,0.01,0.082,0.047,0.028,NE
R7A2020_29235,0.005,0.011,0.002,0.005,0.005,0.053,0.027,0.02,NE
R7A2020_29240,0.027,0.04,0.017,0.017,0.013,0.094,0.039,0.027,NE
R7A2020_29245,0.024,0.04,0.014,0.015,0.02,0.073,0.032,0.013,NE
R7A2020_29250,0.018,0.016,0.006,0.009,0.003,0.059,0.025,0.016,NE
R7A2020_29255,0.021,0.051,0.021,0.009,0.023,0.097,0.044,0.021,NE
R7A2020_29260,0.042,0.059,0.03,0.03,0.027,0.13,0.064,0.037,NE
R7A2020_29265,0.042,0.063,0.042,0.018,0.022,0.092,0.028,0.021,NE
R7A2020_29270,0.032,0.04,0.016,0.012,0.016,0.104,0.06,0.02,NE
R7A2020_29275,0.011,0.044,0.019,0.023,0.011,0.087,0.049,0.028,NE
R7A2020_29280,0.014,0.031,0.005,0.017,0.01,0.077,0.046,0.024,NE
R7A2020_29285,0.041,0.069,0.034,0.027,0.025,0.133,0.055,0.03,NE
R7A2020_29290,0.053,0.089,0.041,0.041,0.04,0.141,0.058,0.035,NE
R7A2020_29295,0.07,0.1,0.055,0.062,0.036,0.153,0.055,0.031,NE
R7A2020_29300,0.053,0.079,0.036,0.041,0.026,0.124,0.041,0.026,NE
R7A2020_29305,0.048,0.104,0.065,0.043,0.043,0.148,0.052,0.048,NE
R7A2020_29310,0.065,0.116,0.058,0.054,0.036,0.159,0.072,0.036,NE
R7A2020_29315,0.053,0.061,0.018,0.026,0.03,0.132,0.043,0.026,NE
R7A2020_29320,0.067,0.095,0.053,0.043,0.04,0.166,0.057,0.047,NE
R7A2020_29325,0.02,0.03,0.02,0.01,0,0.09,0.03,0.02,NE
R7A2020_29330,0.031,0.029,0.006,0.008,0.017,0.096,0.04,0.027,NE
R7A2020_29335,0,0.004,0.002,0.002,0.001,0.007,0.003,0.002,ICE-ES
R7A2020_29340,0.024,0.054,0.017,0.019,0.033,0.095,0.05,0.028,NE
R7A2020_29345,0.01,0.044,0.024,0.024,0.007,0.073,0.045,0.017,NE
R7A2020_29350,0.033,0.101,0.056,0.051,0.036,0.111,0.045,0.026,NE
R7A2020_29355,0.056,0.096,0.045,0.04,0.036,0.144,0.069,0.032,NE
R7A2020_29360,0.049,0.075,0.03,0.045,0.024,0.122,0.051,0.038,NE
R7A2020_29365,0.041,0.062,0.029,0.03,0.036,0.137,0.064,0.043,NE
R7A2020_29370,0.044,0.056,0.011,0.022,0.044,0.111,0.044,0.033,NE
R7A2020_29375,0.041,0.109,0.057,0.057,0.036,0.118,0.055,0.026,NE
R7A2020_29380,0.078,0.102,0.053,0.059,0.037,0.165,0.047,0.04,NE
R7A2020_29385,0.03,0.049,0.029,0.021,0.019,0.083,0.037,0.02,NE
R7A2020_29390,0.019,0.021,0,0.001,0.019,0.088,0.043,0.028,NE
R7A2020_29395,0.028,0.021,0.002,0.002,0.015,0.095,0.045,0.023,NE
R7A2020_29400,0.021,0.052,0.029,0.022,0.018,0.065,0.029,0.02,NE
R7A2020_29405,0.026,0.059,0.029,0.014,0.026,0.084,0.043,0.026,NE
R7A2020_29410,0.055,0.064,0.028,0.028,0.028,0.11,0.041,0.037,NE
R7A2020_29415,0.027,0.048,0.033,0.021,0.013,0.075,0.029,0.017,NE
R7A2020_29420,0.058,0.084,0.042,0.032,0.033,0.15,0.052,0.036,NE
R7A2020_29425,0.044,0.072,0.036,0.02,0.04,0.096,0.028,0.012,NE
R7A2020_29430,0.031,0.064,0.022,0.038,0.029,0.111,0.049,0.024,NE
R7A2020_29435,0.027,0.046,0.019,0.016,0.021,0.103,0.048,0.029,NE
R7A2020_29440,0.016,0.026,0.008,0.013,0.01,0.072,0.03,0.022,NE
R7A2020_29445,0.013,0.025,0.009,0.007,0.009,0.074,0.034,0.028,NE
R7A2020_29450,0.019,0.037,0.024,0.011,0.016,0.058,0.021,0.029,NE
R7A2020_29455,0.004,0.013,0.002,0.008,0.003,0.055,0.029,0.018,NE
R7A2020_29460,0.022,0.059,0.029,0.026,0.033,0.09,0.043,0.031,NE
R7A2020_29465,0.013,0.014,0.006,0.005,0.01,0.066,0.037,0.021,NE
R7A2020_29470,0.016,0.042,0.016,0.018,0.013,0.082,0.046,0.022,NE
R7A2020_29475,0.015,0.035,0.014,0.013,0.012,0.072,0.033,0.017,NE
R7A2020_29480,0.044,0.089,0.033,0.022,0.044,0.1,0.033,0.022,NE
R7A2020_29485,0.056,0.112,0.048,0.052,0.052,0.159,0.046,0.042,NE
R7A2020_29490,0.071,0.109,0.054,0.054,0.048,0.165,0.053,0.036,NE
R7A2020_29495,0.037,0.069,0.029,0.027,0.034,0.107,0.033,0.037,NE
R7A2020_29500,0.037,0.042,0.013,0.017,0.015,0.081,0.022,0.01,NE
R7A2020_29505,0,0,0,0,0,0,0,0,ICE-ES
R7A2020_29510,0.053,0.073,0.041,0.03,0.035,0.119,0.041,0.03,NE
R7A2020_29515,0.066,0.099,0.053,0.046,0.042,0.149,0.051,0.036,NE
R7A2020_29520,0.053,0.07,0.02,0.028,0.034,0.106,0.022,0.02,NE
R7A2020_29525,0.036,0.012,0.012,0,0.006,0.06,0,0,ICE-AGAR-ES
R7A2020_29530,0.05,0.085,0.044,0.032,0.039,0.126,0.049,0.017,NE
R7A2020_29535,0.03,0.033,0.017,0.017,0.007,0.095,0.041,0.03,NE
R7A2020_29540,0.015,0.028,0.003,0.008,0.021,0.077,0.046,0.015,NE
R7A2020_29545,0.059,0.102,0.051,0.05,0.037,0.14,0.058,0.033,NE
R7A2020_29550,0.052,0.083,0.035,0.042,0.031,0.142,0.056,0.042,NE
R7A2020_29555,0.076,0.076,0.045,0.013,0.032,0.166,0.07,0.038,NE
R7A2020_29560,0.041,0.051,0.015,0.027,0.015,0.117,0.041,0.037,NE
R7A2020_29565,0.067,0.11,0.059,0.045,0.055,0.156,0.047,0.044,NE
R7A2020_29570,0.054,0.084,0.025,0.03,0.044,0.172,0.089,0.039,NE
R7A2020_29575,0.042,0.079,0.036,0.039,0.035,0.139,0.06,0.046,NE
R7A2020_29580,0.047,0.061,0.028,0.009,0.038,0.146,0.052,0.047,NE
R7A2020_29585,0.066,0.093,0.035,0.035,0.039,0.136,0.043,0.043,NE
R7A2020_29590,0.043,0.091,0.045,0.056,0.038,0.124,0.045,0.043,NE
R7A2020_29595,0.051,0.078,0.029,0.037,0.045,0.146,0.045,0.041,NE
R7A2020_29600,0.082,0.123,0.058,0.058,0.057,0.192,0.065,0.05,NE
R7A2020_29605,0.037,0.081,0.038,0.037,0.029,0.11,0.049,0.03,NE
R7A2020_29610,0.036,0.062,0.025,0.027,0.028,0.098,0.048,0.027,NE
R7A2020_29615,0.041,0.048,0.011,0.03,0.019,0.086,0.033,0.007,NE
R7A2020_29620,0.021,0.076,0.034,0.021,0.034,0.103,0.048,0.034,NE
R7A2020_29625,0.029,0.071,0.029,0.014,0.038,0.086,0.019,0.033,NE
R7A2020_29630,0.049,0.049,0.016,0.038,0.016,0.115,0.038,0.027,NE
R7A2020_29635,0.042,0.07,0.037,0.019,0.019,0.153,0.056,0.037,NE
R7A2020_29640,0.024,0.045,0.014,0.014,0.028,0.069,0.014,0.022,NE
R7A2020_29645,0.051,0.06,0.037,0.037,0.019,0.126,0.037,0.033,NE
R7A2020_29650,0.069,0.082,0.048,0.039,0.028,0.121,0.05,0.026,NE
R7A2020_29655,0.023,0.036,0.018,0.018,0.011,0.084,0.034,0.024,NE
R7A2020_29660,0.024,0.038,0.018,0.016,0.015,0.078,0.033,0.024,NE
R7A2020_29665,0.012,0.035,0.012,0.012,0.016,0.045,0.021,0.014,NE
R7A2020_29670,0.042,0.056,0.027,0.025,0.025,0.109,0.042,0.031,NE
R7A2020_29675,0.038,0.067,0.033,0.022,0.025,0.102,0.036,0.03,NE
R7A2020_29680,0.042,0.076,0.025,0.032,0.034,0.113,0.034,0.025,NE
R7A2020_29685,0.043,0.07,0.037,0.026,0.035,0.122,0.05,0.035,NE
R7A2020_29690,0.04,0.069,0.035,0.026,0.032,0.122,0.047,0.038,NE
R7A2020_29695,0.036,0.063,0.026,0.032,0.024,0.127,0.051,0.024,NE
R7A2020_29700,0.026,0.05,0.03,0.012,0.021,0.088,0.036,0.03,NE
R7A2020_29705,0.041,0.057,0.022,0.025,0.024,0.128,0.062,0.036,NE
R7A2020_29710,0.025,0.048,0.021,0.017,0.017,0.092,0.044,0.02,NE
R7A2020_29715,0.055,0.055,0.022,0.022,0.026,0.121,0.044,0.026,NE
R7A2020_29720,0.023,0.049,0.021,0.017,0.024,0.084,0.032,0.026,NE
R7A2020_29725,0.015,0.032,0.008,0.013,0.012,0.073,0.029,0.027,NE
R7A2020_29730,0.021,0.041,0.018,0.015,0.017,0.087,0.034,0.025,NE
R7A2020_29735,0.048,0.067,0.032,0.034,0.025,0.113,0.032,0.026,NE
R7A2020_29740,0.038,0.073,0.036,0.033,0.023,0.14,0.059,0.042,NE
R7A2020_29745,0.054,0.068,0.035,0.029,0.023,0.13,0.043,0.038,NE
R7A2020_29750,0.044,0.08,0.046,0.027,0.039,0.126,0.051,0.031,NE
R7A2020_29755,0.032,0.057,0.029,0.023,0.026,0.089,0.036,0.026,NE
R7A2020_29760,0.024,0.024,0.012,0.006,0.006,0.072,0.042,0.006,NE
R7A2020_29765,0.031,0.061,0.025,0.029,0.021,0.106,0.035,0.029,NE
R7A2020_29770,0.037,0.053,0.014,0.022,0.022,0.121,0.045,0.02,NE
R7A2020_29775,0.033,0.072,0.052,0.026,0.033,0.111,0.052,0.013,NE
R7A2020_29780,0.036,0.066,0.028,0.022,0.03,0.118,0.058,0.041,NE
R7A2020_29785,0.062,0.101,0.054,0.042,0.042,0.138,0.049,0.03,NE
R7A2020_29790,0.059,0.059,0.037,0.016,0.032,0.16,0.043,0.037,NE
R7A2020_29795,0.029,0.048,0.017,0.021,0.02,0.101,0.042,0.026,NE
R7A2020_29800,0.007,0.017,0.01,0.003,0.007,0.038,0.021,0.011,NE
R7A2020_29805,0.012,0.015,0.004,0.006,0.006,0.047,0.019,0.012,NE
R7A2020_29810,0.012,0.028,0.009,0.011,0.01,0.062,0.022,0.022,NE
R7A2020_29815,0.02,0.027,0.005,0.008,0.017,0.087,0.052,0.015,NE
R7A2020_29820,0.014,0.049,0.021,0.028,0.014,0.063,0.021,0.007,NE
R7A2020_29825,0.025,0.038,0.019,0.012,0.017,0.083,0.039,0.027,NE
R7A2020_29830,0.036,0.049,0.036,0.013,0.018,0.071,0.031,0.004,NE
R7A2020_29835,0.008,0.014,0.005,0.004,0.007,0.052,0.026,0.018,NE
R7A2020_29840,0.021,0.028,0.014,0.009,0.007,0.091,0.049,0.03,NE
R7A2020_29845,0.009,0.019,0.008,0.003,0.008,0.066,0.04,0.014,NE
R7A2020_29850,0.01,0.023,0.003,0.011,0.01,0.069,0.034,0.024,NE
R7A2020_29855,0.002,0.003,0.002,0,0.002,0.014,0.005,0.005,ICE-ES
R7A2020_29860,0.022,0.045,0.024,0.019,0.014,0.093,0.031,0.029,NE
R7A2020_29865,0.023,0.064,0.041,0.012,0.029,0.076,0.058,0,ICE-GR-ES
R7A2020_29870,0.011,0.034,0.006,0.009,0.023,0.063,0.014,0.026,NE
R7A2020_29875,0.008,0.024,0.008,0.008,0.008,0.043,0.024,0.008,NE
R7A2020_29880,0.082,0.118,0.018,0.059,0.059,0.176,0.053,0.029,NE
R7A2020_29885,0.041,0.075,0.037,0.024,0.034,0.121,0.044,0.039,NE
R7A2020_29890,0.05,0.102,0.054,0.044,0.036,0.135,0.037,0.041,NE
R7A2020_29895,0.036,0.065,0.031,0.022,0.03,0.105,0.036,0.035,NE
R7A2020_29900,0.053,0.082,0.032,0.029,0.033,0.135,0.053,0.032,NE
R7A2020_29905,0.046,0.087,0.037,0.044,0.035,0.119,0.049,0.025,NE
R7A2020_29910,0.031,0.063,0.038,0.019,0.031,0.075,0.031,0.031,NE
R7A2020_29915,0.023,0.02,0.006,0.007,0.008,0.088,0.045,0.019,NE
R7A2020_29920,0.037,0.065,0.028,0.019,0.037,0.139,0.037,0.028,NE
R7A2020_29925,0.04,0.057,0.036,0.028,0.024,0.123,0.041,0.033,NE
R7A2020_29930,0.044,0.075,0.033,0.034,0.016,0.121,0.053,0.034,NE
R7A2020_29935,0.028,0.043,0.028,0.015,0.013,0.112,0.048,0.018,NE
R7A2020_29940,0.011,0.043,0.023,0.02,0.011,0.08,0.031,0.031,NE
R7A2020_29945,0.02,0.064,0.026,0.03,0.02,0.082,0.042,0.028,NE
R7A2020_29950,0.039,0.067,0.035,0.02,0.027,0.108,0.039,0.028,NE
R7A2020_29955,0.048,0.078,0.033,0.034,0.037,0.135,0.047,0.027,NE
R7A2020_29960,0.045,0.088,0.048,0.027,0.035,0.147,0.061,0.052,NE
R7A2020_29965,0.049,0.088,0.039,0.01,0.039,0.098,0.069,0.01,NE
R7A2020_29970,0.037,0.071,0.034,0.031,0.024,0.082,0.027,0.031,NE
R7A2020_29975,0.017,0.024,0.012,0.007,0.007,0.07,0.031,0.022,NE
R7A2020_29980,0.005,0.01,0.004,0.003,0.006,0.043,0.018,0.021,NE
R7A2020_29985,0.008,0.012,0.004,0.006,0.003,0.04,0.02,0.011,NE
R7A2020_29990,0.006,0.014,0.007,0.002,0.004,0.035,0.021,0.008,NE
R7A2020_29995,0.035,0.038,0.016,0.013,0.019,0.087,0.038,0.03,NE
R7A2020_30000,0.018,0.03,0.013,0.01,0.009,0.101,0.052,0.037,NE
R7A2020_30005,0.011,0.028,0.011,0.007,0.017,0.073,0.041,0.02,NE
R7A2020_30010,0.029,0.049,0.03,0.018,0.016,0.124,0.063,0.039,NE
R7A2020_30015,0.022,0.032,0.015,0.012,0.015,0.099,0.038,0.032,NE
R7A2020_30020,0.033,0.049,0.022,0.022,0.016,0.123,0.033,0.045,NE
R7A2020_30025,0.025,0.034,0.009,0.02,0.002,0.094,0.036,0.027,NE
R7A2020_30030,0.041,0.074,0.04,0.032,0.029,0.116,0.051,0.029,NE
R7A2020_30035,0.038,0.059,0.03,0.013,0.025,0.148,0.059,0.051,NE
R7A2020_30040,0.041,0.055,0.023,0.025,0.023,0.11,0.041,0.031,NE
R7A2020_30045,0.02,0.031,0.011,0.007,0.013,0.079,0.033,0.022,NE
R7A2020_30050,0.037,0.066,0.033,0.018,0.029,0.117,0.048,0.029,NE
R7A2020_30055,0.025,0.068,0.031,0.032,0.025,0.097,0.043,0.029,NE
R7A2020_30060,0.008,0.027,0.009,0.009,0.006,0.038,0.019,0.014,NE
R7A2020_30065,0.007,0.016,0.008,0.007,0.007,0.036,0.013,0.013,NE
R7A2020_30070,0.004,0.008,0.001,0.003,0.004,0.024,0.007,0.011,ICE-ES
R7A2020_30075,0.018,0.025,0.008,0.009,0.011,0.077,0.036,0.028,NE
R7A2020_30080,0.007,0.01,0.003,0.003,0.004,0.043,0.019,0.016,NE
R7A2020_30085,0,0.009,0.002,0.001,0.005,0.027,0.017,0.013,ICE-ES
R7A2020_30090,0,0.008,0.005,0.005,0.003,0.005,0.005,0,ICE-ES
R7A2020_30095,0.005,0,0,0,0,0.044,0.034,0.019,NE
R7A2020_30100,0.007,0.015,0.006,0.007,0.003,0.044,0.025,0.015,NE
R7A2020_30105,0.024,0.033,0.02,0.012,0.02,0.082,0.041,0.037,NE
R7A2020_30110,0.011,0.02,0.012,0.005,0.004,0.044,0.021,0.017,NE
R7A2020_30115,0.008,0.013,0.002,0.008,0.005,0.045,0.017,0.013,NE
R7A2020_30120,0.007,0.012,0.005,0.006,0.001,0.042,0.018,0.013,NE
R7A2020_30125,0.031,0.052,0.022,0.016,0.017,0.104,0.035,0.031,NE
R7A2020_30130,0.025,0.047,0.019,0.017,0.019,0.087,0.053,0.017,NE
R7A2020_30135,0.038,0.065,0.029,0.03,0.028,0.102,0.042,0.028,NE
R7A2020_30140,0.032,0.052,0.024,0.032,0.02,0.113,0.069,0.056,NE
R7A2020_30145,0.049,0.074,0.047,0.03,0.022,0.12,0.054,0.025,NE
R7A2020_30150,0.032,0.062,0.028,0.025,0.026,0.123,0.05,0.033,NE
R7A2020_30155,0.024,0.046,0.018,0.017,0.021,0.098,0.043,0.039,NE
R7A2020_30160,0.011,0.017,0.01,0.004,0.007,0.041,0.015,0.007,NE
R7A2020_30165,0.055,0.06,0.035,0.04,0.025,0.13,0.035,0.035,NE
R7A2020_30170,0.026,0.037,0.018,0.018,0.007,0.099,0.037,0.029,NE
R7A2020_30175,0.015,0.031,0.01,0.013,0.023,0.053,0.028,0.013,NE
R7A2020_30180,0.039,0.039,0.025,0.005,0.02,0.084,0.025,0.025,NE
R7A2020_30185,0.028,0.048,0.022,0.017,0.02,0.103,0.052,0.022,NE
R7A2020_30190,0.036,0.066,0.023,0.036,0.03,0.109,0.04,0.017,NE
R7A2020_30195,0.021,0.04,0.014,0.017,0.013,0.089,0.048,0.022,NE
R7A2020_30200,0.031,0.046,0.02,0.014,0.021,0.09,0.032,0.019,NE
R7A2020_30205,0,0.004,0,0,0.004,0.078,0.059,0.031,ICE-TB-ES
R7A2020_30210,0.031,0.025,0.014,0.014,0.008,0.084,0.028,0.022,NE
R7A2020_30215,0.038,0.054,0.021,0.025,0.029,0.138,0.079,0.054,NE
R7A2020_30220,0.037,0.048,0.022,0.019,0.019,0.117,0.045,0.036,NE
R7A2020_30225,0,0.05,0,0.017,0.033,0.017,0.017,0,ICE-ES
R7A2020_30230,0.011,0.048,0.026,0.015,0.007,0.048,0.033,0.026,NE
R7A2020_30235,0.015,0.026,0,0.011,0.011,0.055,0.015,0.022,NE
R7A2020_30240,0.023,0.052,0.023,0.023,0.017,0.069,0.034,0.017,NE
R7A2020_30245,0.017,0.026,0.017,0.003,0.012,0.069,0.032,0.02,NE
R7A2020_30250,0.025,0.043,0.014,0.022,0.018,0.099,0.046,0.021,NE
R7A2020_30255,0.006,0.006,0.003,0.002,0.003,0.021,0.005,0.005,ICE-ES
R7A2020_30260,0.014,0.023,0.011,0.011,0.007,0.066,0.036,0.02,NE
R7A2020_30265,0.025,0.032,0.007,0.004,0.021,0.089,0.036,0.025,NE
R7A2020_30270,0.034,0.017,0,0.017,0.006,0.078,0.028,0.006,NE
R7A2020_30275,0.009,0.022,0.008,0.008,0.009,0.062,0.03,0.025,NE
R7A2020_30280,0.044,0.06,0.025,0.024,0.028,0.115,0.058,0.024,NE
R7A2020_30285,0.038,0.044,0.015,0.02,0.02,0.094,0.015,0.035,NE
R7A2020_30290,0.046,0.071,0.042,0.029,0.034,0.109,0.044,0.032,NE
R7A2020_30295,0.033,0.057,0.021,0.022,0.029,0.108,0.056,0.028,NE
R7A2020_30300,0.049,0.07,0.036,0.04,0.024,0.133,0.052,0.021,NE
R7A2020_30305,0.042,0.056,0.025,0.029,0.027,0.103,0.032,0.022,NE
R7A2020_30310,0.042,0.052,0.019,0.028,0.019,0.106,0.038,0.035,NE
R7A2020_30315,0.038,0.068,0.037,0.032,0.026,0.109,0.042,0.031,NE
R7A2020_30320,0.033,0.064,0.033,0.028,0.024,0.106,0.043,0.029,NE
R7A2020_30325,0.035,0.056,0.021,0.021,0.021,0.095,0.034,0.023,NE
R7A2020_30330,0.039,0.047,0.026,0.017,0.021,0.108,0.044,0.021,NE
R7A2020_30335,0.038,0.054,0.026,0.022,0.021,0.108,0.049,0.026,NE
R7A2020_30340,0.004,0.011,0.004,0.004,0.004,0.034,0.023,0.011,NE
R7A2020_30345,0.009,0.02,0.011,0.007,0.009,0.058,0.024,0.022,NE
R7A2020_30350,0.036,0.037,0.02,0.016,0.015,0.104,0.046,0.024,NE
R7A2020_30355,0.029,0.05,0.031,0.018,0.018,0.102,0.034,0.042,NE
R7A2020_30360,0.039,0.082,0.039,0.046,0.02,0.098,0.046,0.023,NE
R7A2020_30365,0.041,0.064,0.032,0.027,0.029,0.116,0.05,0.028,NE
R7A2020_30370,0.044,0.106,0.044,0.044,0.071,0.097,0.027,0.035,NE
R7A2020_30375,0.02,0.005,0.001,0.003,0.001,0.069,0.029,0.019,NE
R7A2020_30380,0.006,0.015,0.008,0.005,0.002,0.043,0.023,0.015,NE
R7A2020_30385,0,0,0,0,0,0.013,0.007,0,ICE-ES
R7A2020_30390,0.021,0.028,0.015,0.008,0.01,0.077,0.039,0.015,NE
R7A2020_30395,0.025,0.034,0.016,0.016,0.018,0.082,0.04,0.024,NE
R7A2020_30400,0.024,0.032,0.015,0.01,0.009,0.078,0.022,0.029,NE
R7A2020_30405,0.025,0.033,0.015,0.014,0.012,0.066,0.027,0.017,NE
R7A2020_30410,0.01,0.019,0.008,0.005,0.006,0.054,0.021,0.023,NE
R7A2020_30415,0.01,0.021,0.01,0.006,0.008,0.045,0.021,0.016,NE
R7A2020_30420,0.022,0.022,0.017,0,0.006,0.083,0.031,0.017,NE
R7A2020_30425,0.002,0.005,0.002,0.002,0.002,0.028,0.017,0.007,ICE-ES
R7A2020_30430,0.004,0.019,0.008,0.007,0.008,0.043,0.025,0.011,NE
R7A2020_30435,0.008,0.011,0.003,0.003,0.005,0.032,0.015,0.01,NE
R7A2020_30440,0.012,0.04,0.016,0.017,0.016,0.072,0.029,0.025,NE
R7A2020_30445,0.007,0.009,0.004,0.002,0.006,0.041,0.015,0.021,NE
R7A2020_30450,0.007,0.023,0.012,0.01,0.003,0.049,0.023,0.017,NE
R7A2020_30455,0.006,0.014,0.004,0.005,0.004,0.043,0.019,0.014,NE
R7A2020_30460,0.007,0.007,0.003,0.002,0.002,0.035,0.022,0.005,NE
R7A2020_30465,0.005,0.005,0.002,0.003,0,0.014,0.005,0.003,ICE-ES
R7A2020_30470,0.018,0.018,0.012,0.006,0.006,0.037,0.018,0.006,NE
R7A2020_30475,0.015,0.018,0.006,0.007,0.008,0.059,0.026,0.017,NE
R7A2020_30480,0.008,0.016,0.007,0.005,0.008,0.042,0.016,0.016,NE
R7A2020_30485,0.008,0.01,0.005,0.004,0.001,0.027,0.015,0.004,ICE-ES
R7A2020_30490,0.018,0.037,0.018,0.01,0.01,0.055,0.019,0.016,NE
R7A2020_30495,0.03,0.054,0.027,0.016,0.024,0.09,0.034,0.026,NE
R7A2020_30500,0.034,0.052,0.024,0.021,0.023,0.098,0.043,0.024,NE
R7A2020_30505,0.022,0.041,0.018,0.018,0.012,0.074,0.037,0.027,NE
R7A2020_30510,0.024,0.039,0.019,0.019,0.012,0.087,0.047,0.028,NE
R7A2020_30515,0.054,0.076,0.035,0.035,0.034,0.136,0.055,0.03,NE
R7A2020_30520,0.024,0.068,0.017,0.031,0.026,0.109,0.044,0.022,NE
R7A2020_30525,0.033,0.048,0.033,0.019,0.019,0.105,0.048,0.019,NE
R7A2020_30530,0.046,0.068,0.03,0.025,0.036,0.131,0.041,0.042,NE
R7A2020_30535,0.029,0.058,0.012,0.035,0.023,0.082,0.053,0.023,NE
R7A2020_30540,0.028,0.045,0.019,0.015,0.017,0.115,0.064,0.026,NE
R7A2020_30545,0.021,0.036,0.015,0.016,0.012,0.072,0.032,0.022,NE
R7A2020_30550,0.022,0.052,0.02,0.02,0.018,0.083,0.029,0.029,NE
R7A2020_30555,0.04,0.063,0.033,0.026,0.029,0.154,0.044,0.048,NE
R7A2020_30560,0.034,0.075,0.034,0.029,0.029,0.08,0.017,0.029,NE
R7A2020_30565,0.041,0.064,0.032,0.029,0.023,0.115,0.042,0.03,NE
R7A2020_30570,0.007,0.037,0.015,0.015,0.015,0.09,0.06,0.022,NE
R7A2020_30575,0.036,0.073,0.033,0.027,0.029,0.115,0.045,0.037,NE
R7A2020_30580,0.028,0.08,0.043,0.024,0.037,0.119,0.067,0.024,NE
R7A2020_30585,0.039,0.066,0.036,0.022,0.018,0.126,0.054,0.029,NE
R7A2020_30590,0.035,0.063,0.032,0.023,0.029,0.117,0.049,0.035,NE
R7A2020_30595,0.031,0.043,0.013,0.017,0.017,0.086,0.032,0.023,NE
R7A2020_30600,0.012,0.02,0.012,0.008,0.004,0.082,0.055,0.016,NE
R7A2020_30605,0.017,0.026,0.011,0.011,0.007,0.067,0.026,0.025,NE
R7A2020_30610,0.021,0.042,0.019,0.016,0.017,0.086,0.035,0.021,NE
R7A2020_30615,0.006,0.036,0.012,0.018,0.006,0.042,0.024,0.012,NE
R7A2020_30620,0.007,0.043,0.004,0.018,0.018,0.054,0.022,0.025,NE
R7A2020_30625,0.033,0.038,0.005,0.027,0.005,0.099,0.06,0.022,NE
R7A2020_30630,0.021,0.039,0.017,0.014,0.017,0.084,0.045,0.026,NE
R7A2020_30635,0.011,0.022,0.008,0.011,0.008,0.045,0.024,0.012,NE
R7A2020_30640,0.011,0.015,0.003,0.005,0.007,0.032,0.011,0.006,NE
R7A2020_30645,0.011,0.026,0.018,0.01,0.01,0.053,0.025,0.025,NE
R7A2020_30650,0.034,0.062,0.022,0.025,0.031,0.115,0.043,0.034,NE
R7A2020_30655,0.035,0.063,0.031,0.024,0.027,0.113,0.047,0.038,NE
R7A2020_30660,0.042,0.021,0.014,0.007,0.014,0.118,0.028,0.035,NE
R7A2020_30665,0.048,0.043,0.03,0.013,0.013,0.13,0.03,0.022,NE
R7A2020_30670,0.037,0.048,0.033,0.011,0.015,0.108,0.044,0.031,NE
R7A2020_30675,0.037,0.067,0.031,0.025,0.024,0.104,0.042,0.024,NE
R7A2020_30680,0.033,0.068,0.033,0.03,0.027,0.104,0.044,0.027,NE
R7A2020_30685,0.03,0.046,0.025,0.016,0.016,0.098,0.039,0.03,NE
R7A2020_30690,0.027,0.061,0.034,0.019,0.023,0.1,0.042,0.031,NE
R7A2020_30695,0.034,0.072,0.033,0.028,0.03,0.103,0.039,0.024,NE
R7A2020_30700,0.047,0.066,0.03,0.032,0.03,0.115,0.046,0.028,NE
R7A2020_30705,0.051,0.094,0.043,0.039,0.05,0.145,0.063,0.026,NE
R7A2020_30710,0.055,0.095,0.052,0.048,0.04,0.155,0.055,0.043,NE
R7A2020_30715,0.058,0.114,0.058,0.047,0.044,0.153,0.066,0.05,NE
R7A2020_30720,0.053,0.103,0.049,0.044,0.055,0.132,0.052,0.035,NE
R7A2020_30725,0.027,0.064,0.054,0.03,0.027,0.101,0.051,0.04,NE
R7A2020_30730,0.06,0.091,0.048,0.041,0.039,0.15,0.059,0.038,NE
R7A2020_30735,0.066,0.114,0.056,0.063,0.045,0.172,0.062,0.042,NE
R7A2020_30740,0.066,0.105,0.05,0.048,0.05,0.162,0.042,0.035,NE
R7A2020_30745,0.058,0.1,0.05,0.044,0.039,0.16,0.058,0.045,NE
R7A2020_30750,0.053,0.104,0.051,0.051,0.036,0.148,0.055,0.041,NE
R7A2020_30755,0.054,0.07,0.034,0.026,0.028,0.137,0.044,0.028,NE
R7A2020_30760,0.055,0.043,0.018,0.024,0.012,0.116,0.037,0.024,NE
R7A2020_30765,0.043,0.055,0.02,0.028,0.024,0.091,0.035,0.016,NE
R7A2020_30770,0.069,0.125,0.069,0.064,0.057,0.174,0.063,0.041,NE
R7A2020_30775,0.052,0.112,0.069,0.052,0.043,0.112,0.034,0.009,NE
R7A2020_30780,0.028,0.046,0.022,0.017,0.012,0.091,0.046,0.021,NE
R7A2020_30785,0.03,0.063,0.025,0.038,0.02,0.098,0.038,0.03,NE
R7A2020_30790,0.006,0.022,0.011,0.006,0.011,0.05,0.022,0.011,NE
R7A2020_30795,0.052,0.085,0.044,0.032,0.032,0.122,0.052,0.027,NE
R7A2020_30800,0.039,0.069,0.039,0.023,0.03,0.102,0.036,0.023,NE
R7A2020_30805,0.034,0.047,0.013,0.04,0.013,0.094,0.027,0.02,NE
R7A2020_30810,0.04,0.06,0.033,0.026,0.026,0.115,0.049,0.028,NE
R7A2020_30815,0.013,0.043,0.018,0.016,0.016,0.075,0.03,0.025,NE
R7A2020_30820,0.033,0.039,0.021,0.012,0.014,0.082,0.041,0.023,NE
R7A2020_30825,0.04,0.074,0.029,0.034,0.039,0.112,0.052,0.034,NE
R7A2020_30830,0.039,0.056,0.026,0.013,0.033,0.095,0.052,0.036,NE
R7A2020_30835,0.033,0.056,0.024,0.022,0.017,0.1,0.045,0.025,NE
R7A2020_30840,0.06,0.093,0.045,0.044,0.04,0.143,0.05,0.042,NE
R7A2020_30845,0.058,0.095,0.047,0.043,0.04,0.122,0.053,0.018,NE
R7A2020_30850,0.053,0.041,0.029,0.012,0.012,0.124,0.047,0.024,NE
R7A2020_30855,0.071,0.126,0.055,0.061,0.047,0.178,0.058,0.056,NE
R7A2020_30860,0.045,0.089,0.054,0.033,0.033,0.109,0.045,0.029,NE
R7A2020_30865,0.055,0.084,0.041,0.037,0.038,0.137,0.061,0.034,NE
R7A2020_30870,0.016,0.041,0.014,0.018,0.014,0.074,0.04,0.015,NE
R7A2020_30875,0.012,0.01,0.003,0.004,0.003,0.037,0.013,0.007,NE
R7A2020_30880,0.043,0.072,0.031,0.034,0.026,0.13,0.046,0.033,NE
R7A2020_30885,0.029,0.036,0.02,0.016,0.01,0.088,0.029,0.026,NE
R7A2020_30890,0.1,0.141,0.068,0.067,0.064,0.211,0.084,0.051,NE
R7A2020_30895,0.09,0.131,0.061,0.065,0.06,0.202,0.083,0.05,NE
R7A2020_30900,0.042,0.108,0.028,0.028,0.07,0.146,0.061,0.052,NE
R7A2020_30905,0.007,0.052,0.015,0.022,0.015,0.037,0.018,0.004,NE
R7A2020_30910,0.003,0.01,0.004,0.005,0.003,0.03,0.017,0.009,ICE-ES
R7A2020_30915,0.006,0.009,0.003,0.004,0.003,0.036,0.022,0.009,NE
R7A2020_30920,0,0.002,0,0,0.002,0.004,0.004,0,ICE-ES
R7A2020_30925,0.005,0.003,0,0,0.003,0.005,0,0,ICE-ES
R7A2020_30930,0.007,0.026,0.007,0.018,0.004,0.066,0.044,0.015,NE
R7A2020_30935,0.008,0.023,0.004,0.009,0.011,0.06,0.034,0.021,NE
R7A2020_30940,0.007,0.024,0.014,0.003,0.01,0.069,0.039,0.022,NE
R7A2020_30945,0.011,0.021,0.003,0.009,0.009,0.054,0.032,0.014,NE
R7A2020_30950,0.009,0.014,0.007,0.006,0.002,0.049,0.024,0.02,NE
R7A2020_30955,0.013,0.024,0.009,0.009,0.009,0.07,0.032,0.026,NE
R7A2020_30960,0.006,0.016,0.003,0.004,0.009,0.05,0.032,0.015,NE
R7A2020_30965,0.022,0.031,0.013,0.011,0.014,0.088,0.031,0.025,NE
R7A2020_30970,0.029,0.044,0.015,0.016,0.016,0.09,0.04,0.02,NE
R7A2020_30975,0.057,0.079,0.04,0.032,0.028,0.155,0.057,0.049,NE