locus_tag,gene_name,ncrna,start,end,strand,read_count,ins_index,gene_length,ins_count,fcn
R7A2020_00005,dnaA,0,1,1545,1,0,0,1545,0,chromosomal replication initiator protein DnaA
R7A2020_00010,R7A2020_00010,0,1851,2969,1,0,0,1119,0,DNA polymerase III subunit beta
R7A2020_00035,R7A2020_00035,0,6668,7228,1,0,0,561,0,hypothetical protein
R7A2020_00050,fabA,0,8338,8853,1,0,0,516,0,3-hydroxyacyl-[acyl-carrier-protein] dehydratase FabA
R7A2020_00055,fabB,0,8903,10123,1,0,0,1221,0,beta-ketoacyl-ACP synthase I
R7A2020_00075,pnp,0,13800,15947,-1,0,0,2148,0,polyribonucleotide nucleotidyltransferase
R7A2020_00080,rpsO,0,16357,16626,-1,3,0.00434782608695652,270,1,30S ribosomal protein S15
R7A2020_00100,infB,0,19554,22136,-1,0,0,2583,0,translation initiation factor IF-2
R7A2020_00105,R7A2020_00105,0,22133,22783,-1,262,0.00902527075812274,651,5,RNA-binding protein
R7A2020_00110,nusA,0,22822,24417,-1,767,0.0103092783505155,1596,14,transcription termination/antitermination protein NusA
R7A2020_00115,rimP,0,24467,25114,-1,207,0.00543478260869565,648,3,ribosome maturation factor RimP
R7A2020_00130,R7A2020_00130,0,26316,27581,-1,0,0,1266,0,methionine adenosyltransferase
R7A2020_00165,ybeY,0,33501,34001,-1,10,0.00469483568075117,501,2,rRNA maturation RNase YbeY
R7A2020_00190,tsaB,0,37904,38581,-1,0,0,678,0,tRNA (adenosine(37)-N6)-threonylcarbamoyltransferase complex dimerization subunit type 1 TsaB
R7A2020_00225,R7A2020_00225,0,45077,46330,1,83,0.000937207122774133,1254,1,FAD-dependent oxidoreductase
R7A2020_00300,R7A2020_00300,0,62791,64608,-1,0,0,1818,0,DNA polymerase III subunit gamma/tau
R7A2020_00305,ffs,0,64712,64808,-1,0,0,97,0,
R7A2020_00325,R7A2020_00325,0,66722,67585,-1,0,0,864,0,prephenate dehydratase
R7A2020_00330,R7A2020_00330,0,67622,68350,-1,0,0,729,0,3-deoxy-manno-octulosonate cytidylyltransferase
R7A2020_00425,R7A2020_00425,0,86399,86854,1,108,0.0077120822622108,456,3,periplasmic heavy metal sensor
R7A2020_00645,R7A2020_00645,0,140334,141503,-1,34,0.0050251256281407,1170,5,Mrp/NBP35 family ATP-binding protein
R7A2020_00795,R7A2020_00795,0,171899,172372,-1,66,0.00742574257425743,474,3,DUF805 domain-containing protein
R7A2020_00875,dut,0,188141,188626,1,54,0.00966183574879227,486,4,dUTP diphosphatase
R7A2020_00950,R7A2020_00950,0,206902,209703,1,211,0.00461796809403862,2802,11,[protein-PII] uridylyltransferase
R7A2020_00955,murJ,0,209750,211330,1,0,0,1581,0,murein biosynthesis integral membrane protein MurJ
R7A2020_00970,trpS,0,213480,214547,1,0,0,1068,0,tryptophan--tRNA ligase
R7A2020_00980,R7A2020_00980,0,215611,216180,1,349,0.0123711340206186,570,6,NifU family protein
R7A2020_01000,R7A2020_01000,0,218898,219065,1,7,0.00694444444444444,168,1,hypothetical protein
R7A2020_01020,R7A2020_01020,0,221399,221935,-1,456,0.0109170305676856,537,5,ActR/PrrA/RegA family redox response regulator transcription factor
R7A2020_01150,R7A2020_01150,0,248281,250668,-1,22,0.000984736582964057,2388,2,polysaccharide biosynthesis tyrosine autokinase
R7A2020_01160,R7A2020_01160,0,251924,252892,-1,0,0,969,0,glycosyltransferase family 2 protein
R7A2020_01165,R7A2020_01165,0,252882,253832,-1,11,0.00123609394313968,951,1,glycosyltransferase family 2 protein
R7A2020_01175,R7A2020_01175,0,254838,256010,-1,0,0,1173,0,glycosyltransferase family 4 protein
R7A2020_01180,R7A2020_01180,0,256198,257694,1,0,0,1497,0,lipopolysaccharide biosynthesis protein
R7A2020_01190,R7A2020_01190,0,258794,259873,-1,166,0.00217864923747277,1080,2,glycosyltransferase family 4 protein
R7A2020_01205,R7A2020_01205,0,261910,263241,-1,4,0.00088261253309797,1332,1,UDP-glucose/GDP-mannose dehydrogenase family protein
R7A2020_01210,R7A2020_01210,0,263291,264172,-1,263,0.004,882,3,family 16 glycosylhydrolase
R7A2020_01220,R7A2020_01220,0,265014,266036,-1,275,0.00574712643678161,1023,5,glycosyltransferase family 2 protein
R7A2020_01270,R7A2020_01270,0,275257,276516,1,0,0,1260,0,sugar ABC transporter substrate-binding protein
R7A2020_01275,R7A2020_01275,0,276831,278144,-1,0,0,1314,0,O-antigen ligase family protein
R7A2020_01415,R7A2020_01415,0,310676,310751,-1,0,0,76,0,
R7A2020_01420,R7A2020_01420,0,310924,311310,-1,12,0.00303030303030303,387,1,TIGR02300 family protein
R7A2020_01425,aroA,0,311517,312875,1,0,0,1359,0,3-phosphoshikimate 1-carboxyvinyltransferase
R7A2020_01435,rpsA,0,313815,315512,1,4,0.000692041522491349,1698,1,30S ribosomal protein S1
R7A2020_01525,gyrB,0,335098,337569,1,0,0,2472,0,DNA topoisomerase (ATP-hydrolyzing) subunit B
R7A2020_01565,R7A2020_01565,0,343813,344580,-1,103,0.0107033639143731,768,7,hypothetical protein
R7A2020_01915,R7A2020_01915,0,421062,421763,1,0,0,702,0,response regulator transcription factor
R7A2020_01920,R7A2020_01920,0,421863,423647,1,51,0.000658761528326746,1785,1,HAMP domain-containing protein
R7A2020_01925,R7A2020_01925,0,423726,424187,1,37,0.00254452926208651,462,1,HPr kinase/phosphorylase
R7A2020_01930,R7A2020_01930,0,424352,424753,1,0,0,402,0,PTS sugar transporter subunit IIA
R7A2020_01935,R7A2020_01935,0,424750,425046,1,4,0.00393700787401575,297,1,HPr family phosphocarrier protein
R7A2020_01940,R7A2020_01940,0,425222,426622,1,242,0.00671704450041982,1401,8,adenosylhomocysteinase
R7A2020_01945,R7A2020_01945,0,426822,429377,1,0,0,2556,0,PAS domain-containing protein
R7A2020_01950,tsaE,0,429386,430897,1,446,0.00699844479004666,1512,9,tRNA (adenosine(37)-N6)-threonylcarbamoyltransferase complex ATPase subunit type 1 TsaE
R7A2020_01960,addB,0,431619,434753,1,578,0.00337584396099025,3135,9,double-strand break repair protein AddB
R7A2020_01965,addA,0,434750,438262,1,955,0.00502176096417811,3513,15,double-strand break repair helicase AddA
R7A2020_01970,trxA,0,438340,438663,1,0,0,324,0,thioredoxin
R7A2020_01995,R7A2020_01995,0,440425,441750,-1,0,0,1326,0,bifunctional folylpolyglutamate synthase/dihydrofolate synthase
R7A2020_02000,R7A2020_02000,0,441871,442797,-1,0,0,927,0,acetyl-CoA carboxylase carboxyltransferase subunit beta
R7A2020_02005,R7A2020_02005,0,442846,443685,-1,0,0,840,0,tryptophan synthase subunit alpha
R7A2020_02010,trpB,0,443748,444998,-1,0,0,1251,0,tryptophan synthase subunit beta
R7A2020_02015,R7A2020_02015,0,445087,445746,-1,12,0.0017825311942959,660,1,phosphoribosylanthranilate isomerase
R7A2020_02045,R7A2020_02045,0,449702,450238,1,0,0,537,0,translation initiation factor IF-3
R7A2020_02055,rpmI,0,451269,451472,1,0,0,204,0,50S ribosomal protein L35
R7A2020_02060,rplT,0,451560,451961,1,350,0.0087719298245614,402,3,50S ribosomal protein L20
R7A2020_02065,pheS,0,452112,453209,1,0,0,1098,0,phenylalanine--tRNA ligase subunit alpha
R7A2020_02075,R7A2020_02075,0,453625,456033,1,9,0.000488042947779405,2409,1,phenylalanine--tRNA ligase subunit beta
R7A2020_02215,R7A2020_02215,0,483520,484479,-1,0,0,960,0,type I pantothenate kinase
R7A2020_02220,R7A2020_02220,0,484504,484827,-1,0,0,324,0,phosphoribosyl-ATP diphosphatase
R7A2020_02225,hisF,0,484861,485655,-1,9,0.00147710487444609,795,1,imidazole glycerol phosphate synthase subunit HisF
R7A2020_02235,hisA,0,486485,487228,-1,0,0,744,0,1-(5-phosphoribosyl)-5-[(5- phosphoribosylamino)methylideneamino]imidazole-4- carboxamide isomerase
R7A2020_02245,hisH,0,487523,488173,-1,27,0.00180505415162455,651,1,imidazole glycerol phosphate synthase subunit HisH
R7A2020_02480,R7A2020_02480,0,534149,534403,-1,6,0.00458715596330275,255,1,acyl carrier protein
R7A2020_02695,pncB,0,571752,573056,1,0,0,1305,0,nicotinate phosphoribosyltransferase
R7A2020_02835,R7A2020_02835,0,600522,601052,1,0,0,531,0,peptide deformylase
R7A2020_02840,R7A2020_02840,0,601059,602012,1,0,0,954,0,methionyl-tRNA formyltransferase
R7A2020_02850,truA,0,602637,603383,1,83,0.00628930817610063,747,4,tRNA pseudouridine(38-40) synthase TruA
R7A2020_02860,dapE,0,604060,605253,-1,0,0,1194,0,succinyl-diaminopimelate desuccinylase
R7A2020_02885,dapD,0,607935,608789,-1,0,0,855,0,2,3,4,5-tetrahydropyridine-2,6-dicarboxylate N-succinyltransferase
R7A2020_02960,argB,0,620447,621340,-1,38,0.00131406044678055,894,1,acetylglutamate kinase
R7A2020_03005,R7A2020_03005,0,629720,630379,-1,71,0.0017825311942959,660,1,YihA family ribosome biogenesis GTP-binding protein
R7A2020_03020,yidC,0,632207,634018,-1,0,0,1812,0,membrane protein insertase YidC
R7A2020_03025,R7A2020_03025,0,634033,634386,-1,6,0.0033112582781457,354,1,ribonuclease P protein component
R7A2020_03030,rpmH,0,634401,634535,-1,24,0.00862068965517241,135,1,50S ribosomal protein L34
R7A2020_03040,R7A2020_03040,0,636580,636656,1,0,0,77,0,
R7A2020_03160,R7A2020_03160,0,660869,661696,1,6,0.00283687943262411,828,2,ferredoxin--NADP reductase
R7A2020_03230,R7A2020_03230,0,676198,677232,1,632,0.0124858115777526,1035,11,SIS domain-containing protein
R7A2020_03235,nagA,0,677229,678401,1,0,0,1173,0,N-acetylglucosamine-6-phosphate deacetylase
R7A2020_03260,R7A2020_03260,0,684548,685225,-1,0,0,678,0,ribulose-phosphate 3-epimerase
R7A2020_03275,dnaK,0,691750,693666,1,0,0,1917,0,molecular chaperone DnaK
R7A2020_03280,dnaJ,0,693890,695020,1,0,0,1131,0,molecular chaperone DnaJ
R7A2020_03295,pyrF,0,696530,697243,1,208,0.00657894736842105,714,4,orotidine-5'-phosphate decarboxylase
R7A2020_03360,gshB,0,709147,710088,1,336,0.0112359550561798,942,9,glutathione synthase
R7A2020_03470,R7A2020_03470,0,732469,732553,-1,0,0,85,0,
R7A2020_03480,R7A2020_03480,0,733356,734177,-1,3,0.00143061516452074,822,1,4-hydroxy-tetrahydrodipicolinate reductase
R7A2020_03485,R7A2020_03485,0,734174,736075,-1,0,0,1902,0,ABC transporter ATP-binding protein
R7A2020_03510,R7A2020_03510,0,740661,741353,-1,520,0.00338983050847458,693,2,glutathione S-transferase family protein
R7A2020_03515,R7A2020_03515,0,741513,742319,1,0,0,807,0,undecaprenyl-diphosphate phosphatase
R7A2020_03860,secB,0,802736,803239,1,58,0.0116550116550117,504,5,protein-export chaperone SecB
R7A2020_03875,R7A2020_03875,0,806295,807593,1,341,0.00904159132007233,1299,10,ATP-binding protein
R7A2020_03885,lepA,0,808294,810099,-1,522,0.0110677083333333,1806,17,elongation factor 4
R7A2020_04040,dnaQ,0,838929,839651,-1,0,0,723,0,DNA polymerase III subunit epsilon
R7A2020_04045,R7A2020_04045,0,839729,840322,-1,0,0,594,0,dephospho-CoA kinase
R7A2020_04050,R7A2020_04050,0,840319,841161,-1,74,0.00278940027894003,843,2,shikimate dehydrogenase
R7A2020_04065,R7A2020_04065,0,843298,844329,1,0,0,1032,0,uroporphyrinogen decarboxylase
R7A2020_04070,hemJ,0,844329,844865,1,189,0.00436681222707424,537,2,protoporphyrinogen oxidase HemJ
R7A2020_04075,rho,0,845039,846295,1,0,0,1257,0,transcription termination factor Rho
R7A2020_04095,rsmG,0,852182,852814,1,176,0.00371057513914657,633,2,16S rRNA (guanine(527)-N(7))-methyltransferase RsmG
R7A2020_04100,R7A2020_04100,0,852872,853669,1,0,0,798,0,ParA family protein
R7A2020_04105,R7A2020_04105,0,853749,854636,1,0,0,888,0,ParB/RepB/Spo0J family partition protein
R7A2020_04115,R7A2020_04115,0,855519,856562,-1,0,0,1044,0,DNA polymerase III subunit delta
R7A2020_04255,R7A2020_04255,0,895705,895779,-1,0,0,75,0,
R7A2020_04360,leuD,0,915223,915828,1,0,0,606,0,3-isopropylmalate dehydratase small subunit
R7A2020_04380,leuB,0,917783,918886,1,369,0.00425985090521832,1104,4,3-isopropylmalate dehydrogenase
R7A2020_04410,R7A2020_04410,0,923882,924916,1,0,0,1035,0,aspartate-semialdehyde dehydrogenase
R7A2020_04460,R7A2020_04460,0,930624,930950,-1,17,0.003584229390681,327,1,chorismate mutase
R7A2020_04465,ffh,0,930959,932557,-1,0,0,1599,0,signal recognition particle protein
R7A2020_04485,R7A2020_04485,0,936131,936928,1,266,0.00735294117647059,798,5,murein transglycosylase
R7A2020_04505,R7A2020_04505,0,938992,940215,-1,0,0,1224,0,argininosuccinate synthase
R7A2020_04545,R7A2020_04545,0,947669,948172,-1,0,0,504,0,hypothetical protein
R7A2020_04620,acnA,0,959974,962664,-1,0,0,2691,0,aconitate hydratase AcnA
R7A2020_04675,ftsY,0,969491,971320,-1,234,0.0038560411311054,1830,6,signal recognition particle-docking protein FtsY
R7A2020_04685,R7A2020_04685,0,972673,973557,-1,0,0,885,0,diaminopimelate epimerase
R7A2020_04705,R7A2020_04705,0,975967,976506,1,56,0.00871459694989107,540,4,AprI/Inh family metalloprotease inhibitor
R7A2020_04720,mdh,0,978502,979470,1,39,0.00242424242424242,969,2,malate dehydrogenase
R7A2020_04725,sucC,0,979521,980714,1,0,0,1194,0,ADP-forming succinate--CoA ligase subunit beta
R7A2020_04740,sucD,0,981603,982505,1,0,0,903,0,succinate--CoA ligase subunit alpha
R7A2020_04745,R7A2020_04745,0,982643,985630,1,0,0,2988,0,2-oxoglutarate dehydrogenase E1 component
R7A2020_04750,odhB,0,985673,986947,1,0,0,1275,0,2-oxoglutarate dehydrogenase complex dihydrolipoyllysine-residue succinyltransferase
R7A2020_04770,R7A2020_04770,0,989204,990610,1,0,0,1407,0,dihydrolipoyl dehydrogenase
R7A2020_04795,rimM,0,993945,994544,1,104,0.00392156862745098,600,2,ribosome maturation factor RimM
R7A2020_04800,trmD,0,994541,995239,1,0,0,699,0,tRNA (guanosine(37)-N1)-methyltransferase TrmD
R7A2020_04810,rplS,0,996300,996845,1,252,0.00860215053763441,546,4,50S ribosomal protein L19
R7A2020_04840,leuC,0,1000879,1002288,1,18,0.00166805671392827,1410,2,3-isopropylmalate dehydratase large subunit
R7A2020_04865,sdhC,0,1006497,1006916,1,10,0.00560224089635854,420,2,succinate dehydrogenase, cytochrome b556 subunit
R7A2020_04870,sdhD,0,1006919,1007317,1,7,0.00293255131964809,399,1,succinate dehydrogenase, hydrophobic membrane anchor protein
R7A2020_04875,R7A2020_04875,0,1007319,1009154,1,0,0,1836,0,succinate dehydrogenase flavoprotein subunit
R7A2020_04885,R7A2020_04885,0,1009594,1010373,1,46,0.00150829562594268,780,1,succinate dehydrogenase iron-sulfur subunit
R7A2020_04895,R7A2020_04895,0,1010783,1011256,1,31,0.00742574257425743,474,3,hypothetical protein
R7A2020_04930,R7A2020_04930,0,1016088,1017347,-1,13,0.000933706816059757,1260,1,ubiquinone biosynthesis hydroxylase
R7A2020_04940,R7A2020_04940,0,1018629,1018967,1,0,0,339,0,P-II family nitrogen regulator
R7A2020_04960,R7A2020_04960,0,1021653,1024316,1,138,0.00176600441501104,2664,4,DNA translocase FtsK
R7A2020_04965,R7A2020_04965,0,1024452,1025132,1,0,0,681,0,outer membrane lipoprotein carrier protein LolA
R7A2020_04980,R7A2020_04980,0,1026934,1027617,-1,0,0,684,0,response regulator transcription factor
R7A2020_05025,tsaD,0,1032790,1033878,-1,0,0,1089,0,tRNA (adenosine(37)-N6)-threonylcarbamoyltransferase complex transferase subunit TsaD
R7A2020_05030,hemC,0,1034032,1034958,1,0,0,927,0,hydroxymethylbilane synthase
R7A2020_05035,R7A2020_05035,0,1034961,1035677,1,0,0,717,0,uroporphyrinogen-III synthase
R7A2020_05290,R7A2020_05290,0,1087413,1087703,1,0,0,291,0,YggT family protein
R7A2020_05350,R7A2020_05350,0,1099380,1100024,-1,0,0,645,0,carbonic anhydrase
R7A2020_05395,ppa,0,1106269,1106802,1,0,0,534,0,inorganic diphosphatase
R7A2020_05465,purH,0,1123946,1125562,-1,215,0.0065406976744186,1617,9,bifunctional phosphoribosylaminoimidazolecarboxamide formyltransferase/IMP cyclohydrolase
R7A2020_05560,R7A2020_05560,0,1146249,1146911,-1,281,0.0124113475177305,663,7,YggS family pyridoxal phosphate-dependent enzyme
R7A2020_05565,R7A2020_05565,0,1147068,1149695,1,22,0.000447427293064877,2628,1,leucine--tRNA ligase
R7A2020_05570,R7A2020_05570,0,1149682,1150251,1,0,0,570,0,hypothetical protein
R7A2020_05585,R7A2020_05585,0,1153920,1156103,1,0,0,2184,0,primosomal protein N'
R7A2020_05600,R7A2020_05600,0,1157669,1158229,1,0,0,561,0,F0F1 ATP synthase subunit delta
R7A2020_05605,R7A2020_05605,0,1158229,1159758,1,0,0,1530,0,F0F1 ATP synthase subunit alpha
R7A2020_05610,R7A2020_05610,0,1159791,1160675,1,0,0,885,0,F0F1 ATP synthase subunit gamma
R7A2020_05615,atpD,0,1160746,1162326,1,0,0,1581,0,F0F1 ATP synthase subunit beta
R7A2020_05620,R7A2020_05620,0,1162426,1162833,1,27,0.00574712643678161,408,2,F0F1 ATP synthase subunit epsilon
R7A2020_05650,R7A2020_05650,0,1169135,1169812,1,18,0.00346020761245675,678,2,hypothetical protein
R7A2020_05665,R7A2020_05665,0,1174346,1174435,-1,0,0,90,0,
R7A2020_05675,rpmA,0,1175621,1175890,1,0,0,270,0,50S ribosomal protein L27
R7A2020_05695,obgE,0,1178175,1179206,1,0,0,1032,0,GTPase ObgE
R7A2020_05700,R7A2020_05700,0,1179211,1180347,1,17,0.00309917355371901,1137,3,glutamate 5-kinase
R7A2020_05705,R7A2020_05705,0,1180351,1181637,1,3,0.00091324200913242,1287,1,glutamate-5-semialdehyde dehydrogenase
R7A2020_05710,R7A2020_05710,0,1181840,1182472,1,67,0.00556586270871985,633,3,nicotinate-nucleotide adenylyltransferase
R7A2020_05735,R7A2020_05735,0,1186170,1187540,1,39,0.00171526586620926,1371,2,murein hydrolase activator EnvC
R7A2020_05740,R7A2020_05740,0,1187542,1188873,1,3,0.00088261253309797,1332,1,S41 family peptidase
R7A2020_05870,R7A2020_05870,0,1216438,1216698,1,0,0,261,0,DUF2312 domain-containing protein
R7A2020_05905,R7A2020_05905,0,1220965,1221369,-1,51,0.00869565217391304,405,3,ribbon-helix-helix protein, CopG family
R7A2020_05925,ssrS,0,1223153,1223308,1,0,0,156,0,
R7A2020_05935,R7A2020_05935,0,1224064,1224888,1,123,0.00997150997150997,825,7,YmdB family metallophosphoesterase
R7A2020_05980,R7A2020_05980,0,1229868,1230497,1,7,0.00373134328358209,630,2,TetR/AcrR family transcriptional regulator
R7A2020_05985,rpmE,0,1230702,1230923,-1,0,0,222,0,50S ribosomal protein L31
R7A2020_06030,R7A2020_06030,0,1240891,1241691,-1,0,0,801,0,inositol monophosphatase
R7A2020_06050,R7A2020_06050,0,1244393,1245433,-1,0,0,1041,0,sel1 repeat family protein
R7A2020_06090,R7A2020_06090,0,1251081,1251614,1,227,0.0043956043956044,534,2,DUF1465 family protein
R7A2020_06095,ruvC,0,1251708,1252217,1,76,0.00921658986175115,510,4,crossover junction endodeoxyribonuclease RuvC
R7A2020_06100,R7A2020_06100,0,1252274,1252543,1,104,0.0130434782608696,270,3,AbrB/MazE/SpoVT family DNA-binding domain-containing protein
R7A2020_06135,tolQ,0,1257949,1258659,1,0,0,711,0,protein TolQ
R7A2020_06140,tolR,0,1258670,1259122,1,0,0,453,0,protein TolR
R7A2020_06145,R7A2020_06145,0,1259130,1260287,1,0,0,1158,0,TonB family protein
R7A2020_06150,tolB,0,1260330,1261640,1,0,0,1311,0,Tol-Pal system protein TolB
R7A2020_06155,pal,0,1261875,1262381,1,0,0,507,0,peptidoglycan-associated lipoprotein Pal
R7A2020_06165,tilS,0,1263763,1265127,1,20,0.00172265288544358,1365,2,tRNA lysidine(34) synthetase TilS
R7A2020_06170,R7A2020_06170,0,1265250,1267178,1,0,0,1929,0,ATP-dependent metallopeptidase FtsH/Yme1/Tma family protein
R7A2020_06185,R7A2020_06185,0,1269241,1270593,1,0,0,1353,0,phosphoglucosamine mutase
R7A2020_06200,R7A2020_06200,0,1272893,1274068,1,83,0.000999000999000999,1176,1,phosphoserine transaminase
R7A2020_06205,R7A2020_06205,0,1274132,1275733,1,1113,0.013215859030837,1602,18,phosphoglycerate dehydrogenase
R7A2020_06215,R7A2020_06215,0,1276913,1278211,1,0,0,1299,0,adenylosuccinate synthase
R7A2020_06220,R7A2020_06220,0,1278288,1280015,1,833,0.00816326530612245,1728,12,hypothetical protein
R7A2020_06235,R7A2020_06235,0,1282165,1282809,-1,0,0,645,0,thiamine diphosphokinase
R7A2020_06280,R7A2020_06280,0,1292071,1292652,-1,224,0.00606060606060606,582,3,CarD family transcriptional regulator
R7A2020_06285,R7A2020_06285,0,1293022,1293360,-1,0,0,339,0,ferredoxin family protein
R7A2020_06415,R7A2020_06415,0,1322435,1322923,1,12,0.00239808153477218,489,1,DUF1036 domain-containing protein
R7A2020_06440,rpmJ,0,1326861,1326986,-1,0,0,126,0,50S ribosomal protein L36
R7A2020_06450,R7A2020_06450,0,1327653,1328729,-1,251,0.0054525627044711,1077,5,5-(carboxyamino)imidazole ribonucleotide synthase
R7A2020_06455,purE,0,1328726,1329223,-1,14,0.00705882352941176,498,3,5-(carboxyamino)imidazole ribonucleotide mutase
R7A2020_06460,R7A2020_06460,0,1329323,1330228,-1,322,0.00778210116731518,906,6,anti-sigma factor
R7A2020_06520,ispG,0,1337789,1339042,1,0,0,1254,0,flavodoxin-dependent (E)-4-hydroxy-3-methylbut-2-enyl-diphosphate synthase
R7A2020_06565,R7A2020_06565,0,1346669,1347586,-1,98,0.0051150895140665,918,4,polyprenyl synthetase family protein
R7A2020_06575,R7A2020_06575,0,1348567,1348749,1,0,0,183,0,50S ribosomal protein L32
R7A2020_06645,R7A2020_06645,0,1357202,1357894,1,34,0.00169491525423729,693,1,DUF1013 domain-containing protein
R7A2020_06710,tkt,0,1369276,1371267,-1,0,0,1992,0,transketolase
R7A2020_06735,rpoH,0,1374099,1375010,-1,0,0,912,0,RNA polymerase sigma factor RpoH
R7A2020_06830,phoB,0,1392094,1392783,1,0,0,690,0,phosphate regulon transcriptional regulatory protein PhoB
R7A2020_06880,R7A2020_06880,0,1401869,1402033,-1,0,0,165,0,DUF1328 domain-containing protein
R7A2020_06890,R7A2020_06890,0,1403367,1403570,1,0,0,204,0,hypothetical protein
R7A2020_07205,R7A2020_07205,0,1470390,1471031,-1,160,0.0128205128205128,642,7,hypothetical protein
R7A2020_07235,R7A2020_07235,0,1476011,1476409,-1,161,0.0117302052785924,399,4,GFA family protein
R7A2020_07360,R7A2020_07360,0,1505443,1505519,-1,0,0,77,0,
R7A2020_07390,R7A2020_07390,0,1511244,1512194,-1,0,0,951,0,acetyl-CoA carboxylase carboxyltransferase subunit alpha
R7A2020_07405,R7A2020_07405,0,1513600,1514211,1,10,0.00191938579654511,612,1,shikimate kinase
R7A2020_07410,R7A2020_07410,0,1514208,1515344,1,0,0,1137,0,3-dehydroquinate synthase
R7A2020_07440,cobS,0,1520012,1520998,1,0,0,987,0,cobaltochelatase subunit CobS
R7A2020_07450,cobT,0,1521473,1523371,1,6,0.000618811881188119,1899,1,cobaltochelatase subunit CobT
R7A2020_07490,rpmB,0,1528922,1529218,-1,0,0,297,0,50S ribosomal protein L28
R7A2020_07540,metW,0,1537366,1537980,-1,0,0,615,0,methionine biosynthesis protein MetW
R7A2020_07545,R7A2020_07545,0,1538039,1539208,-1,0,0,1170,0,homoserine O-acetyltransferase
R7A2020_07565,R7A2020_07565,0,1542543,1543607,-1,297,0.0121412803532009,1065,11,DUF2125 domain-containing protein
R7A2020_07585,R7A2020_07585,0,1546019,1546807,-1,0,0,789,0,1-acyl-sn-glycerol-3-phosphate acyltransferase
R7A2020_07610,R7A2020_07610,0,1549991,1550983,-1,525,0.00946745562130178,993,8,ABC transporter permease
R7A2020_07615,ftsE,0,1550976,1551635,-1,0,0,660,0,cell division ATP-binding protein FtsE
R7A2020_07665,lysA,0,1560167,1561435,-1,0,0,1269,0,diaminopimelate decarboxylase
R7A2020_07670,R7A2020_07670,0,1561503,1561706,-1,209,0.0114942528735632,204,2,hypothetical protein
R7A2020_07675,argH,0,1561778,1563178,-1,0,0,1401,0,argininosuccinate lyase
R7A2020_07745,R7A2020_07745,0,1579674,1580603,-1,77,0.00632111251580278,930,5,electron transfer flavoprotein subunit alpha/FixB family protein
R7A2020_07750,R7A2020_07750,0,1580628,1581377,-1,68,0.00470219435736677,750,3,electron transfer flavoprotein subunit beta/FixA family protein
R7A2020_07760,R7A2020_07760,0,1582453,1583034,-1,0,0,582,0,cob(I)yrinic acid a,c-diamide adenosyltransferase
R7A2020_07810,R7A2020_07810,0,1590040,1590124,1,0,0,85,0,
R7A2020_07835,secA,0,1595058,1597790,-1,0,0,2733,0,preprotein translocase subunit SecA
R7A2020_07885,R7A2020_07885,0,1605683,1606558,-1,0,0,876,0,methyltransferase domain-containing protein
R7A2020_07935,R7A2020_07935,0,1613087,1613836,-1,0,0,750,0,bifunctional 3-demethylubiquinone 3-O-methyltransferase/2-octaprenyl-6-hydroxy phenol methylase
R7A2020_07955,R7A2020_07955,0,1617211,1618464,1,0,0,1254,0,aspartate kinase
R7A2020_07960,ptsP,0,1618546,1620816,1,608,0.0062143966856551,2271,12,phosphoenolpyruvate--protein phosphotransferase
R7A2020_07965,prfA,0,1620827,1621906,1,0,0,1080,0,peptide chain release factor 1
R7A2020_07970,prmC,0,1621899,1622771,1,226,0.00403768506056528,873,3,peptide chain release factor N(5)-glutamine methyltransferase
R7A2020_08005,R7A2020_08005,0,1631315,1633285,-1,0,0,1971,0,M23 family metallopeptidase
R7A2020_08015,R7A2020_08015,0,1634058,1635546,1,203,0.00947119179163378,1489,12,
R7A2020_08020,R7A2020_08020,0,1635833,1635909,1,0,0,77,0,
R7A2020_08025,R7A2020_08025,0,1635960,1636035,1,0,0,76,0,
R7A2020_08030,R7A2020_08030,0,1636457,1639312,1,194,0.00535199670646357,2856,13,
R7A2020_08035,rrf,0,1639463,1639577,1,0,0,115,0,
R7A2020_08055,R7A2020_08055,0,1641568,1643056,1,199,0.00947119179163378,1489,12,
R7A2020_08065,R7A2020_08065,0,1643470,1643545,1,0,0,76,0,
R7A2020_08070,R7A2020_08070,0,1643967,1646822,1,180,0.00494030465212021,2856,12,
R7A2020_08075,rrf,0,1646973,1647087,1,0,0,115,0,
R7A2020_08520,polA,0,1740114,1743077,-1,1206,0.0123015873015873,2964,31,DNA polymerase I
R7A2020_08530,R7A2020_08530,0,1744984,1745604,1,0,0,621,0,ribonuclease D
R7A2020_08680,R7A2020_08680,0,1784387,1784842,-1,35,0.0077120822622108,456,3,cyclic nucleotide-binding domain-containing protein
R7A2020_08710,R7A2020_08710,0,1792858,1792977,1,4,0.00980392156862745,120,1,pseudogene
R7A2020_08715,R7A2020_08715,0,1793129,1793794,1,322,0.0105820105820106,666,6,hypothetical protein
R7A2020_08725,R7A2020_08725,0,1796879,1797373,1,85,0.00947867298578199,495,4,GTP-binding protein
R7A2020_08740,R7A2020_08740,0,1799721,1799909,1,64,0.00617283950617284,189,1,hypothetical protein
R7A2020_08825,grpE,0,1816867,1817499,1,31,0.00556586270871985,633,3,nucleotide exchange factor GrpE
R7A2020_08855,R7A2020_08855,0,1823240,1823746,-1,4,0.00231481481481481,507,1,signal peptidase II
R7A2020_08895,R7A2020_08895,0,1828832,1829116,-1,0,0,285,0,integration host factor subunit beta
R7A2020_08905,R7A2020_08905,0,1830513,1831226,1,12,0.00164473684210526,714,1,LPS export ABC transporter periplasmic protein LptC
R7A2020_08910,R7A2020_08910,0,1831213,1831812,1,0,0,600,0,LPS ABC transporter substrate-binding protein LptA
R7A2020_08915,lptB,0,1831812,1832630,1,164,0.00286532951289398,819,2,LPS export ABC transporter ATP-binding protein
R7A2020_08930,ptsN,0,1835321,1835785,1,0,0,465,0,PTS IIA-like nitrogen regulatory protein PtsN
R7A2020_09040,coaBC,0,1852852,1854096,-1,127,0.00188857412653447,1245,2,bifunctional phosphopantothenoylcysteine decarboxylase/phosphopantothenate--cysteine ligase CoaBC
R7A2020_09045,ubiB,0,1854413,1855987,-1,0,0,1575,0,2-polyprenylphenol 6-hydroxylase
R7A2020_09050,ubiE,0,1856055,1856831,-1,0,0,777,0,bifunctional demethylmenaquinone methyltransferase/2-methoxy-6-polyprenyl-1,4-benzoquinol methylase UbiE
R7A2020_09130,R7A2020_09130,0,1869879,1869968,1,15,0.012987012987013,90,1,
R7A2020_09150,R7A2020_09150,0,1873017,1873604,-1,70,0.0119760479041916,588,6,hypothetical protein
R7A2020_09175,R7A2020_09175,0,1877352,1879175,-1,451,0.0122501611863314,1824,19,RNA-directed DNA polymerase
R7A2020_09225,kdpF,0,1886116,1886205,1,11,0.012987012987013,90,1,K(+)-transporting ATPase subunit F
R7A2020_09280,R7A2020_09280,0,1898165,1898431,-1,34,0.0087719298245614,267,2,30S ribosomal protein S21
R7A2020_09360,R7A2020_09360,0,1911407,1911886,-1,0,0,480,0,MaoC family dehydratase
R7A2020_09560,R7A2020_09560,0,1954757,1954831,-1,0,0,75,0,
R7A2020_09565,R7A2020_09565,0,1955052,1955414,-1,0,0,363,0,response regulator
R7A2020_09610,gltB,0,1962690,1967435,1,10,0.000247831474597274,4746,1,glutamate synthase large subunit
R7A2020_09615,R7A2020_09615,0,1967578,1969032,1,0,0,1455,0,glutamate synthase subunit beta
R7A2020_09640,R7A2020_09640,0,1974977,1975978,1,0,0,1002,0,KpsF/GutQ family sugar-phosphate isomerase
R7A2020_09660,R7A2020_09660,0,1979152,1980213,-1,48,0.00110741971207087,1062,1,ferrochelatase
R7A2020_09675,R7A2020_09675,0,1983240,1984685,-1,150,0.0024390243902439,1446,3,homospermidine synthase
R7A2020_09725,R7A2020_09725,0,1994951,1996822,1,421,0.00690954773869347,1872,11,DUF882 domain-containing protein
R7A2020_09880,R7A2020_09880,0,2023433,2024074,1,78,0.0128205128205128,642,7,hypothetical protein
R7A2020_10180,R7A2020_10180,0,2082332,2083774,1,0,0,1443,0,hypothetical protein
R7A2020_10420,R7A2020_10420,0,2141791,2141867,-1,0,0,77,0,
R7A2020_10425,R7A2020_10425,0,2142109,2143068,1,0,0,960,0,Gfo/Idh/MocA family oxidoreductase
R7A2020_10430,mnmA,0,2143247,2144437,-1,0,0,1191,0,tRNA 2-thiouridine(34) synthase MnmA
R7A2020_10435,R7A2020_10435,0,2144725,2145000,1,0,0,276,0,DUF1153 domain-containing protein
R7A2020_10450,R7A2020_10450,0,2146569,2146946,-1,36,0.00619195046439629,378,2,flagellar export protein FliJ
R7A2020_10455,R7A2020_10455,0,2147398,2148093,1,0,0,696,0,response regulator transcription factor
R7A2020_10465,R7A2020_10465,0,2148785,2149414,-1,0,0,630,0,histidine phosphotransferase
R7A2020_10520,R7A2020_10520,0,2157773,2158738,1,0,0,966,0,metallophosphoesterase
R7A2020_10540,leuA,0,2162573,2164318,-1,72,0.00134680134680135,1746,2,2-isopropylmalate synthase
R7A2020_10600,R7A2020_10600,0,2174236,2176425,-1,273,0.00214822771213749,2190,4,anthranilate synthase
R7A2020_10770,R7A2020_10770,0,2212301,2213563,1,413,0.0130353817504655,1263,14,CCA tRNA nucleotidyltransferase
R7A2020_10790,hemF,0,2215927,2216841,-1,4,0.00128369704749679,915,1,oxygen-dependent coproporphyrinogen oxidase
R7A2020_10905,R7A2020_10905,0,2235791,2236513,-1,999,0.0130081300813008,723,8,aminoacyl-tRNA hydrolase
R7A2020_10910,R7A2020_10910,0,2236536,2237177,-1,10,0.00366300366300366,642,2,50S ribosomal protein L25/general stress protein Ctc
R7A2020_10945,R7A2020_10945,0,2242664,2243599,-1,0,0,936,0,ribose-phosphate pyrophosphokinase
R7A2020_10965,R7A2020_10965,0,2246506,2247594,-1,0,0,1089,0,class I SAM-dependent methyltransferase
R7A2020_10970,R7A2020_10970,0,2247591,2248436,-1,0,0,846,0,prolipoprotein diacylglyceryl transferase
R7A2020_10980,R7A2020_10980,0,2249038,2249340,1,0,0,303,0,accessory factor UbiK family protein
R7A2020_11010,R7A2020_11010,0,2254738,2255457,-1,0,0,720,0,response regulator transcription factor
R7A2020_11080,R7A2020_11080,0,2261995,2262201,-1,23,0.00564971751412429,207,1,cold-shock protein
R7A2020_11335,R7A2020_11335,0,2316318,2317628,-1,510,0.00986547085201794,1311,11,HlyC/CorC family transporter
R7A2020_11375,greA,0,2324355,2324828,1,89,0.0099009900990099,474,4,transcription elongation factor GreA
R7A2020_11400,rfaE1,0,2328759,2330249,1,797,0.00946372239747634,1491,12,D-glycero-beta-D-manno-heptose-7-phosphate kinase
R7A2020_11405,R7A2020_11405,0,2330257,2330829,1,369,0.0122950819672131,573,6,SIS domain-containing protein
R7A2020_11425,trxB,0,2333248,2334222,1,0,0,975,0,thioredoxin-disulfide reductase
R7A2020_11430,R7A2020_11430,0,2334313,2335209,1,305,0.00785340314136126,897,6,LysR family transcriptional regulator
R7A2020_11505,R7A2020_11505,0,2350650,2350862,-1,0,0,213,0,cold-shock protein
R7A2020_11555,R7A2020_11555,0,2357033,2357932,-1,165,0.0117647058823529,900,9,hypothetical protein
R7A2020_11565,carB,0,2358869,2362372,-1,0,0,3504,0,carbamoyl-phosphate synthase large subunit
R7A2020_11625,R7A2020_11625,0,2372075,2373439,-1,524,0.00516795865633075,1365,6,Nramp family divalent metal transporter
R7A2020_11635,R7A2020_11635,0,2374143,2374406,1,32,0.00888888888888889,264,2,hypothetical protein
R7A2020_11665,carA,0,2381198,2382403,-1,0,0,1206,0,glutamine-hydrolyzing carbamoyl-phosphate synthase small subunit
R7A2020_11735,R7A2020_11735,0,2396736,2398670,1,0,0,1935,0,DNA primase
R7A2020_11740,rpoD,0,2399094,2401118,1,0,0,2025,0,RNA polymerase sigma factor RpoD
R7A2020_11780,R7A2020_11780,0,2405564,2406202,1,51,0.00917431192660551,639,5,TetR/AcrR family transcriptional regulator
R7A2020_11910,R7A2020_11910,0,2431086,2431325,-1,0,0,240,0,ribbon-helix-helix protein, CopG family
R7A2020_11980,R7A2020_11980,0,2446362,2446437,1,0,0,76,0,
R7A2020_12070,R7A2020_12070,0,2464959,2465177,1,36,0.0106382978723404,219,2,hypothetical protein
R7A2020_12075,R7A2020_12075,0,2465421,2466440,1,176,0.0115340253748558,1020,10,YihY/virulence factor BrkB family protein
R7A2020_12165,R7A2020_12165,0,2490377,2491276,-1,29,0.00392156862745098,900,3,hypothetical protein
R7A2020_12170,R7A2020_12170,0,2491305,2492411,-1,79,0.00636942675159236,1107,6,DUF4150 domain-containing protein
R7A2020_12435,R7A2020_12435,0,2552260,2554269,-1,747,0.0122878876535986,2010,21,AAA family ATPase
R7A2020_12440,R7A2020_12440,0,2554585,2555289,1,56,0.01,705,6,hypothetical protein
R7A2020_12495,R7A2020_12495,0,2566830,2566973,1,3,0.00813008130081301,144,1,hypothetical protein
R7A2020_12670,R7A2020_12670,0,2600035,2600421,1,0,0,387,0,ACT domain-containing protein
R7A2020_12825,R7A2020_12825,0,2626202,2626615,1,167,0.0084985835694051,414,3,SnoaL-like domain-containing protein
R7A2020_12945,R7A2020_12945,0,2643831,2644232,-1,189,0.0116959064327485,402,4,type II toxin-antitoxin system HicB family antitoxin
R7A2020_13005,R7A2020_13005,0,2653441,2654145,-1,0,0,705,0,helix-turn-helix transcriptional regulator
R7A2020_13520,R7A2020_13520,0,2755899,2756075,1,11,0.0131578947368421,177,2,hypothetical protein
R7A2020_13565,R7A2020_13565,0,2765591,2765866,1,13,0.00423728813559322,276,1,hypothetical protein
R7A2020_13570,R7A2020_13570,0,2766198,2766581,1,0,0,384,0,hypothetical protein
R7A2020_13705,minE,0,2791230,2791502,1,68,0.00429184549356223,273,1,cell division topological specificity factor MinE
R7A2020_14715,R7A2020_14715,0,2987448,2987723,1,34,0.0127118644067797,276,3,AbrB/MazE/SpoVT family DNA-binding domain-containing protein
R7A2020_14950,R7A2020_14950,0,3046864,3047793,-1,0,0,930,0,alpha/beta hydrolase
R7A2020_15085,R7A2020_15085,0,3072774,3073082,-1,22,0.00757575757575758,309,2,HigA family addiction module antidote protein
R7A2020_15095,R7A2020_15095,0,3073564,3073695,-1,3,0.00884955752212389,132,1,pseudogene
R7A2020_15140,rnpB,0,3083021,3083420,1,0,0,400,0,
R7A2020_15160,R7A2020_15160,0,3086542,3086937,1,32,0.0118343195266272,396,4,hypothetical protein
R7A2020_15165,R7A2020_15165,0,3086934,3088643,1,18,0.000687757909215956,1710,1,penicillin-binding protein 2
R7A2020_15170,R7A2020_15170,0,3088698,3090152,1,0,0,1455,0,UDP-N-acetylmuramoyl-L-alanyl-D-glutamate--2, 6-diaminopimelate ligase
R7A2020_15175,R7A2020_15175,0,3090149,3091582,1,0,0,1434,0,UDP-N-acetylmuramoylalanyl-D-glutamyl-2, 6-diaminopimelate--D-alanyl-D-alanine ligase
R7A2020_15180,R7A2020_15180,0,3091606,3092688,1,0,0,1083,0,phospho-N-acetylmuramoyl-pentapeptide- transferase
R7A2020_15185,R7A2020_15185,0,3092700,3094100,1,0,0,1401,0,UDP-N-acetylmuramoyl-L-alanine--D-glutamate ligase
R7A2020_15190,ftsW,0,3094100,3095251,1,0,0,1152,0,putative lipid II flippase FtsW
R7A2020_15195,murG,0,3095253,3096380,1,0,0,1128,0,undecaprenyldiphospho-muramoylpentapeptide beta-N-acetylglucosaminyltransferase
R7A2020_15200,R7A2020_15200,0,3096377,3097777,1,0,0,1401,0,UDP-N-acetylmuramate--L-alanine ligase
R7A2020_15205,murB,0,3097774,3098739,1,0,0,966,0,UDP-N-acetylmuramate dehydrogenase
R7A2020_15215,R7A2020_15215,0,3099955,3100896,1,0,0,942,0,cell division protein FtsQ/DivIB
R7A2020_15220,ftsA,0,3100893,3102200,1,0,0,1308,0,cell division protein FtsA
R7A2020_15225,ftsZ,0,3102267,3103946,1,0,0,1680,0,cell division protein FtsZ
R7A2020_15230,R7A2020_15230,0,3104227,3105177,1,167,0.00247218788627936,951,2,UDP-3-O-acyl-N-acetylglucosamine deacetylase
R7A2020_15235,R7A2020_15235,0,3105441,3106310,1,0,0,870,0,outer membrane protein assembly factor BamD
R7A2020_15245,ligA,0,3108345,3110549,1,0,0,2205,0,NAD-dependent DNA ligase LigA
R7A2020_15385,R7A2020_15385,0,3141070,3142836,-1,232,0.00731869594145043,1767,11,AAA family ATPase
R7A2020_15480,R7A2020_15480,0,3162953,3163399,-1,436,0.0131233595800525,447,5,winged helix-turn-helix transcriptional regulator
R7A2020_15500,R7A2020_15500,0,3165783,3166319,-1,4,0.00218340611353712,537,1,hypothetical protein
R7A2020_15520,ssrA,0,3169262,3169622,-1,0,0,361,0,
R7A2020_15530,R7A2020_15530,0,3170284,3171078,1,0,0,795,0,thymidylate synthase
R7A2020_15565,R7A2020_15565,0,3174893,3175669,-1,0,0,777,0,precorrin-6A synthase (deacetylating)
R7A2020_15575,R7A2020_15575,0,3176837,3177355,1,0,0,519,0,dihydrofolate reductase
R7A2020_15605,serB,0,3182055,3182876,-1,169,0.00858369098712446,822,6,phosphoserine phosphatase SerB
R7A2020_15610,miaA,0,3182932,3183897,1,25,0.0024330900243309,966,2,tRNA (adenosine(37)-N6)-dimethylallyltransferase MiaA
R7A2020_15660,R7A2020_15660,0,3194963,3196744,1,44,0.00066006600660066,1782,1,acetolactate synthase 3 large subunit
R7A2020_15710,R7A2020_15710,0,3206295,3207035,1,178,0.00317460317460317,741,2,pyridoxine 5'-phosphate synthase
R7A2020_15765,ilvC,0,3217065,3218084,1,4,0.00115340253748558,1020,1,ketol-acid reductoisomerase
R7A2020_15810,R7A2020_15810,0,3225543,3225618,1,0,0,76,0,
R7A2020_15820,cobT,0,3227024,3228034,-1,0,0,1011,0,nicotinate-nucleotide--dimethylbenzimidazole phosphoribosyltransferase
R7A2020_15825,cobS,0,3228064,3228843,-1,0,0,780,0,adenosylcobinamide-GDP ribazoletransferase
R7A2020_15830,R7A2020_15830,0,3228840,3230159,-1,0,0,1320,0,cobyrinate a,c-diamide synthase
R7A2020_15840,cobM,0,3230971,3231735,-1,0,0,765,0,precorrin-4 C(11)-methyltransferase
R7A2020_15850,R7A2020_15850,0,3232115,3233350,-1,0,0,1236,0,bifunctional cobalt-precorrin-7 (C(5))-methyltransferase/cobalt-precorrin-6B (C(15))-methyltransferase
R7A2020_15855,R7A2020_15855,0,3233352,3234113,1,0,0,762,0,cobalt-precorrin-6A reductase
R7A2020_15860,R7A2020_15860,0,3234077,3234841,-1,0,0,765,0,precorrin-3B C(17)-methyltransferase
R7A2020_15865,R7A2020_15865,0,3234838,3235608,-1,6,0.00152439024390244,771,1,precorrin-2 C(20)-methyltransferase
R7A2020_15870,R7A2020_15870,0,3235605,3236237,-1,0,0,633,0,precorrin-8X methylmutase
R7A2020_15875,cobG,0,3236240,3237736,-1,150,0.00313971742543171,1497,4,precorrin-3B synthase
R7A2020_15880,cobN,0,3237733,3241113,-1,494,0.00313152400835073,3381,9,cobaltochelatase subunit CobN
R7A2020_15885,cobW,0,3241132,3242169,-1,0,0,1038,0,cobalamin biosynthesis protein CobW
R7A2020_15900,R7A2020_15900,0,3244408,3244773,1,0,0,366,0,NADH-quinone oxidoreductase subunit A
R7A2020_15905,R7A2020_15905,0,3244764,3245345,1,0,0,582,0,NADH-quinone oxidoreductase subunit B
R7A2020_15910,R7A2020_15910,0,3245350,3245955,1,0,0,606,0,NADH-quinone oxidoreductase subunit C
R7A2020_15915,R7A2020_15915,0,3245965,3247155,1,0,0,1191,0,NADH-quinone oxidoreductase subunit D
R7A2020_15920,R7A2020_15920,0,3247156,3248430,1,469,0.00829493087557604,1275,9,NADH-quinone oxidoreductase subunit E
R7A2020_15925,nuoF,0,3248441,3249745,1,0,0,1305,0,NADH-quinone oxidoreductase subunit NuoF
R7A2020_15935,R7A2020_15935,0,3250592,3252673,1,0,0,2082,0,NADH-quinone oxidoreductase subunit G
R7A2020_15940,nuoH,0,3252676,3253719,1,0,0,1044,0,NADH-quinone oxidoreductase subunit NuoH
R7A2020_15945,nuoI,0,3253719,3254210,1,0,0,492,0,NADH-quinone oxidoreductase subunit NuoI
R7A2020_15950,R7A2020_15950,0,3254334,3254954,1,396,0.00568181818181818,621,3,NADH-quinone oxidoreductase subunit J
R7A2020_15955,nuoK,0,3254956,3255264,1,0,0,309,0,NADH-quinone oxidoreductase subunit NuoK
R7A2020_15960,nuoL,0,3255275,3257248,1,0,0,1974,0,NADH-quinone oxidoreductase subunit L
R7A2020_15965,R7A2020_15965,0,3257248,3258753,1,0,0,1506,0,NADH-quinone oxidoreductase subunit M
R7A2020_15970,nuoN,0,3258772,3260208,1,0,0,1437,0,NADH-quinone oxidoreductase subunit NuoN
R7A2020_15975,R7A2020_15975,0,3260213,3261034,1,0,0,822,0,biotin--[acetyl-CoA-carboxylase] ligase
R7A2020_16000,R7A2020_16000,0,3265070,3266398,1,0,0,1329,0,proline--tRNA ligase
R7A2020_16005,R7A2020_16005,0,3266395,3267681,1,0,0,1287,0,lipoprotein-releasing ABC transporter permease subunit
R7A2020_16010,R7A2020_16010,0,3267681,3268361,1,0,0,681,0,ABC transporter ATP-binding protein
R7A2020_16025,lipB,0,3271093,3271836,-1,0,0,744,0,lipoyl(octanoyl) transferase LipB
R7A2020_16030,R7A2020_16030,0,3272071,3272155,1,0,0,85,0,
R7A2020_16125,R7A2020_16125,0,3291010,3291189,1,0,0,180,0,CbtB-domain containing protein
R7A2020_16130,R7A2020_16130,0,3291205,3292020,1,18,0.00143884892086331,816,1,CbtA family protein
R7A2020_16135,cobU,0,3292013,3292528,1,0,0,516,0,bifunctional adenosylcobinamide kinase/adenosylcobinamide-phosphate guanylyltransferase
R7A2020_16140,cobO,0,3292530,3293144,1,176,0.00190839694656489,615,1,cob(I)yrinic acid a,c-diamide adenosyltransferase
R7A2020_16145,cobD,0,3293141,3294115,-1,0,0,975,0,cobalamin biosynthesis protein CobD
R7A2020_16155,R7A2020_16155,0,3295157,3295666,1,34,0.0115207373271889,510,5,protein tyrosine phosphatase
R7A2020_16160,R7A2020_16160,0,3295667,3296470,-1,0,0,804,0,creatininase family protein
R7A2020_16275,R7A2020_16275,0,3323912,3324175,1,0,0,264,0,hypothetical protein
R7A2020_16370,R7A2020_16370,0,3343419,3345488,-1,262,0.00454545454545455,2070,8,DUF4445 domain-containing protein
R7A2020_16380,R7A2020_16380,0,3345900,3346874,-1,361,0.0120481927710843,975,10,methyltetrahydrofolate cobalamin methyltransferase
R7A2020_16415,R7A2020_16415,0,3351670,3352299,-1,69,0.00746268656716418,630,4,DUF1638 domain-containing protein
R7A2020_16425,R7A2020_16425,0,3352575,3353273,-1,264,0.011744966442953,699,7,cobalamin-binding protein
R7A2020_16460,bmt,0,3360157,3361179,-1,224,0.00574712643678161,1023,5,betaine--homocysteine S-methyltransferase
R7A2020_16540,R7A2020_16540,0,3379212,3380687,1,0,0,1476,0,cobyric acid synthase
R7A2020_16620,R7A2020_16620,0,3395290,3396276,-1,0,0,987,0,lipid A biosynthesis lauroyl acyltransferase
R7A2020_16625,R7A2020_16625,0,3396290,3397318,-1,0,0,1029,0,zinc-binding dehydrogenase
R7A2020_16630,R7A2020_16630,0,3397356,3398627,-1,0,0,1272,0,beta-ketoacyl-ACP synthase
R7A2020_16635,R7A2020_16635,0,3398676,3399866,-1,0,0,1191,0,beta-ketoacyl-ACP synthase
R7A2020_16640,R7A2020_16640,0,3399922,3400203,-1,0,0,282,0,acyl carrier protein
R7A2020_16900,R7A2020_16900,0,3456314,3456388,-1,0,0,75,0,
R7A2020_16920,R7A2020_16920,0,3457554,3458222,1,0,0,669,0,protein-L-isoaspartate O-methyltransferase
R7A2020_16925,R7A2020_16925,0,3458403,3459788,1,0,0,1386,0,TolC family outer membrane protein
R7A2020_16930,R7A2020_16930,0,3460089,3460943,1,6,0.00137362637362637,855,1,DUF2497 domain-containing protein
R7A2020_16940,R7A2020_16940,0,3461902,3464685,1,0,0,2784,0,valine--tRNA ligase
R7A2020_16955,R7A2020_16955,0,3468294,3469124,1,0,0,831,0,sel1 repeat family protein
R7A2020_16975,erpA,0,3470764,3471111,-1,0,0,348,0,iron-sulfur cluster insertion protein ErpA
R7A2020_16985,R7A2020_16985,0,3472464,3474221,1,0,0,1758,0,arginine--tRNA ligase
R7A2020_16990,R7A2020_16990,0,3474325,3477708,1,781,0.0072992700729927,3384,21,SPOR domain-containing protein
R7A2020_17010,R7A2020_17010,0,3480704,3480925,1,0,0,222,0,twin-arginine translocase TatA/TatE family subunit
R7A2020_17020,tatC,0,3481736,3482611,1,485,0.00402144772117962,876,3,twin-arginine translocase subunit TatC
R7A2020_17025,serS,0,3482716,3484020,1,0,0,1305,0,serine--tRNA ligase
R7A2020_17040,R7A2020_17040,0,3485606,3487153,1,0,0,1548,0,peptidoglycan DD-metalloendopeptidase family protein
R7A2020_17060,yajC,0,3490319,3490660,1,43,0.00687285223367698,342,2,preprotein translocase subunit YajC
R7A2020_17065,R7A2020_17065,0,3490712,3493261,1,0,0,2550,0,protein translocase subunit SecDF
R7A2020_17075,R7A2020_17075,0,3493684,3494532,1,0,0,849,0,phytoene/squalene synthase family protein
R7A2020_17130,R7A2020_17130,0,3503361,3503445,-1,0,0,85,0,
R7A2020_17230,map,0,3520634,3521461,-1,0,0,828,0,type I methionyl aminopeptidase
R7A2020_17250,R7A2020_17250,0,3523118,3523381,1,35,0.00888888888888889,264,2,hypothetical protein
R7A2020_17285,R7A2020_17285,0,3539867,3539941,-1,0,0,75,0,
R7A2020_17310,R7A2020_17310,0,3545243,3546556,1,0,0,1314,0,homoserine dehydrogenase
R7A2020_17335,recJ,0,3548933,3550711,1,0,0,1779,0,single-stranded-DNA-specific exonuclease RecJ
R7A2020_17355,folE,0,3553081,3553716,-1,0,0,636,0,GTP cyclohydrolase I FolE
R7A2020_17385,thrS,0,3558326,3560302,1,0,0,1977,0,threonine--tRNA ligase
R7A2020_17395,R7A2020_17395,0,3561351,3562313,-1,0,0,963,0,hypothetical protein
R7A2020_17425,R7A2020_17425,0,3567292,3568173,-1,63,0.00133333333333333,882,1,CoA ester lyase
R7A2020_17445,parE,0,3572011,3574068,-1,21,0.000571102227298686,2058,1,DNA topoisomerase IV subunit B
R7A2020_17565,dnaE,0,3599405,3602932,1,0,0,3528,0,DNA polymerase III subunit alpha
R7A2020_17610,R7A2020_17610,0,3610504,3610875,1,0,0,372,0,response regulator
R7A2020_17655,rpmG,0,3621270,3621437,-1,0,0,168,0,50S ribosomal protein L33
R7A2020_17685,topA,0,3626998,3629619,-1,20,0.00134589502018843,2622,3,type I DNA topoisomerase
R7A2020_17695,R7A2020_17695,0,3630541,3631287,1,68,0.00628930817610063,747,4,cytochrome c biogenesis protein CcdA
R7A2020_17700,glmU,0,3631444,3632820,1,0,0,1377,0,bifunctional UDP-N-acetylglucosamine diphosphorylase/glucosamine-1-phosphate N-acetyltransferase GlmU
R7A2020_17725,R7A2020_17725,0,3638226,3638513,1,65,0.00813008130081301,288,2,succinate dehydrogenase assembly factor 2
R7A2020_17770,R7A2020_17770,0,3648192,3649868,1,0,0,1677,0,NAD+ synthase
R7A2020_17855,R7A2020_17855,0,3668649,3675023,-1,90,0.00018450184501845,6375,1,kinesin
R7A2020_17865,R7A2020_17865,0,3675765,3676085,1,0,0,321,0,(2Fe-2S)-binding protein
R7A2020_17885,folP,0,3679644,3680495,1,0,0,852,0,dihydropteroate synthase
R7A2020_17890,folB,0,3680499,3680858,1,0,0,360,0,dihydroneopterin aldolase
R7A2020_17895,folK,0,3680842,3681354,1,19,0.0022883295194508,513,1,2-amino-4-hydroxy-6- hydroxymethyldihydropteridine diphosphokinase
R7A2020_17945,dksA,0,3690801,3691217,1,18,0.00561797752808989,417,2,RNA polymerase-binding protein DksA
R7A2020_17955,R7A2020_17955,0,3692441,3695017,1,6,0.000456204379562044,2577,1,response regulator
R7A2020_18045,R7A2020_18045,0,3713300,3713818,1,0,0,519,0,single-stranded DNA-binding protein
R7A2020_18085,gyrA,0,3720708,3723503,1,0,0,2796,0,DNA gyrase subunit A
R7A2020_18095,coaD,0,3724011,3724511,1,0,0,501,0,pantetheine-phosphate adenylyltransferase
R7A2020_18215,R7A2020_18215,0,3746363,3746438,1,0,0,76,0,
R7A2020_18275,plsY,0,3759333,3759920,-1,131,0.0119760479041916,588,6,glycerol-3-phosphate 1-O-acyltransferase PlsY
R7A2020_18280,R7A2020_18280,0,3759977,3761263,-1,414,0.0127853881278539,1287,14,dihydroorotase
R7A2020_18285,R7A2020_18285,0,3761260,3762240,-1,152,0.00959232613908873,981,8,aspartate carbamoyltransferase catalytic subunit
R7A2020_18290,R7A2020_18290,0,3762398,3764026,1,0,0,1629,0,DNA alkylation response protein
R7A2020_18300,R7A2020_18300,0,3764731,3765090,1,144,0.0130718954248366,360,4,hypothetical protein
R7A2020_18305,ruvX,0,3764990,3765514,-1,72,0.00671140939597315,525,3,Holliday junction resolvase RuvX
R7A2020_18320,gatC,0,3766914,3767201,1,0,0,288,0,Asp-tRNA(Asn)/Glu-tRNA(Gln) amidotransferase subunit GatC
R7A2020_18330,gatA,0,3767664,3769229,1,0,0,1566,0,Asp-tRNA(Asn)/Glu-tRNA(Gln) amidotransferase subunit GatA
R7A2020_18360,R7A2020_18360,0,3773855,3775312,-1,0,0,1458,0,D-alanyl-D-alanine carboxypeptidase
R7A2020_18375,clpA,0,3776542,3779010,1,36,0.00142857142857143,2469,3,ATP-dependent Clp protease ATP-binding subunit ClpA
R7A2020_18415,rpsB,0,3784261,3785043,1,520,0.00750750750750751,783,5,30S ribosomal protein S2
R7A2020_18420,R7A2020_18420,0,3785154,3786074,1,0,0,921,0,elongation factor Ts
R7A2020_18440,R7A2020_18440,0,3788964,3789707,1,0,0,744,0,UMP kinase
R7A2020_18445,frr,0,3789817,3790371,1,0,0,555,0,ribosome recycling factor
R7A2020_18450,R7A2020_18450,0,3790404,3791138,1,0,0,735,0,isoprenyl transferase
R7A2020_18455,R7A2020_18455,0,3791135,3791950,1,0,0,816,0,phosphatidate cytidylyltransferase
R7A2020_18465,bamA,0,3793406,3795790,1,0,0,2385,0,outer membrane protein assembly factor BamA
R7A2020_18470,lpxD,0,3795866,3796921,1,0,0,1056,0,UDP-3-O-(3-hydroxymyristoyl)glucosamine N-acyltransferase
R7A2020_18475,fabZ,0,3796914,3797381,1,0,0,468,0,3-hydroxyacyl-ACP dehydratase FabZ
R7A2020_18480,lpxA,0,3797395,3798228,1,0,0,834,0,acyl-ACP--UDP-N-acetylglucosamine O-acyltransferase
R7A2020_18485,R7A2020_18485,0,3798200,3799114,1,0,0,915,0,LpxI family protein
R7A2020_18490,lpxB,0,3799107,3800279,1,0,0,1173,0,lipid-A-disaccharide synthase
R7A2020_18495,gltA,0,3800313,3801641,-1,39,0.00353669319186561,1329,4,citrate (Si)-synthase
R7A2020_18500,R7A2020_18500,0,3801825,3803249,-1,0,0,1425,0,glutamate--tRNA ligase
R7A2020_18510,lexA,0,3805802,3806539,-1,49,0.00317965023847377,738,2,transcriptional repressor LexA
R7A2020_18565,trpC,0,3817224,3818036,-1,22,0.00289017341040462,813,2,indole-3-glycerol phosphate synthase TrpC
R7A2020_18570,trpD,0,3818040,3819050,-1,21,0.00116279069767442,1011,1,anthranilate phosphoribosyltransferase
R7A2020_18585,secG,0,3822021,3822485,1,234,0.00757575757575758,465,3,preprotein translocase subunit SecG
R7A2020_18595,R7A2020_18595,0,3824046,3825674,1,0,0,1629,0,CTP synthase
R7A2020_18665,R7A2020_18665,0,3840943,3841314,1,0,0,372,0,hypothetical protein
R7A2020_18690,R7A2020_18690,0,3852751,3853065,-1,26,0.00371747211895911,315,1,hypothetical protein
R7A2020_18705,R7A2020_18705,0,3857606,3859042,1,17,0.00245298446443173,1437,3,hypothetical protein
R7A2020_18710,R7A2020_18710,0,3859594,3860175,1,33,0.00606060606060606,582,3,CatB-related O-acetyltransferase
R7A2020_18740,R7A2020_18740,0,3869225,3869953,1,16,0.00483091787439614,729,3,hypothetical protein
R7A2020_18760,R7A2020_18760,0,3873939,3874169,-1,7,0.0101522842639594,231,2,DUF1289 domain-containing protein
R7A2020_18790,R7A2020_18790,0,3878986,3879477,1,0,0,492,0,Lrp/AsnC family transcriptional regulator
R7A2020_18925,rpiA,0,3898898,3899629,1,0,0,732,0,ribose-5-phosphate isomerase RpiA
R7A2020_18930,R7A2020_18930,0,3899616,3900254,1,17,0.0036697247706422,639,2,DUF2059 domain-containing protein
R7A2020_18965,R7A2020_18965,0,3909287,3909916,1,0,0,630,0,invasion associated locus B family protein
R7A2020_18970,hspQ,0,3910025,3910348,-1,34,0.0072463768115942,324,2,heat shock protein HspQ
R7A2020_18975,R7A2020_18975,0,3910497,3911711,-1,0,0,1215,0,UbiH/UbiF family hydroxylase
R7A2020_18990,R7A2020_18990,0,3913364,3914170,1,181,0.0101892285298399,807,7,phosphatidylcholine/phosphatidylserine synthase
R7A2020_19070,R7A2020_19070,0,3929410,3930084,1,0,0,675,0,dTMP kinase
R7A2020_19075,R7A2020_19075,0,3930081,3931130,1,6,0.00111982082866741,1050,1,DNA polymerase III subunit delta'
R7A2020_19090,R7A2020_19090,0,3933441,3934991,1,0,0,1551,0,methionine--tRNA ligase
R7A2020_19165,hfq,0,3947522,3947767,-1,0,0,246,0,RNA chaperone Hfq
R7A2020_19175,R7A2020_19175,0,3948878,3950239,-1,0,0,1362,0,sigma-54-dependent Fis family transcriptional regulator
R7A2020_19180,R7A2020_19180,0,3950229,3952514,-1,0,0,2286,0,PAS domain-containing sensor histidine kinase
R7A2020_19200,R7A2020_19200,0,3956516,3957739,1,0,0,1224,0,bifunctional 2-C-methyl-D-erythritol 4-phosphate cytidylyltransferase/2-C-methyl-D-erythritol 2,4-cyclodiphosphate synthase
R7A2020_19215,lipA,0,3958708,3959673,-1,0,0,966,0,lipoyl synthase
R7A2020_19255,R7A2020_19255,0,3966721,3967044,-1,0,0,324,0,septum formation initiator family protein
R7A2020_19270,eno,0,3968546,3969820,-1,167,0.00737327188940092,1275,8,phosphopyruvate hydratase
R7A2020_19285,kdsA,0,3970944,3971804,-1,0,0,861,0,3-deoxy-8-phosphooctulonate synthase
R7A2020_19400,R7A2020_19400,0,3997208,3997546,1,26,0.00344827586206897,339,1,P-II family nitrogen regulator
R7A2020_19420,R7A2020_19420,0,4001353,4001544,1,0,0,192,0,DUF2735 domain-containing protein
R7A2020_19430,R7A2020_19430,0,4003697,4004488,-1,0,0,792,0,ATPase
R7A2020_19445,crcB,0,4006463,4006837,-1,94,0.0125,375,4,fluoride efflux transporter CrcB
R7A2020_19475,rplQ,0,4013483,4013914,-1,0,0,432,0,50S ribosomal protein L17
R7A2020_19480,R7A2020_19480,0,4014019,4015029,-1,0,0,1011,0,DNA-directed RNA polymerase subunit alpha
R7A2020_19485,rpsK,0,4015134,4015523,-1,0,0,390,0,30S ribosomal protein S11
R7A2020_19495,R7A2020_19495,0,4016230,4016826,-1,0,0,597,0,adenylate kinase
R7A2020_19500,secY,0,4016823,4018163,-1,0,0,1341,0,preprotein translocase subunit SecY
R7A2020_19505,R7A2020_19505,0,4018358,4018831,-1,0,0,474,0,50S ribosomal protein L15
R7A2020_19510,rpmD,0,4018854,4019051,-1,0,0,198,0,50S ribosomal protein L30
R7A2020_19515,rpsE,0,4019076,4019639,-1,0,0,564,0,30S ribosomal protein S5
R7A2020_19520,rplR,0,4019721,4020080,-1,0,0,360,0,50S ribosomal protein L18
R7A2020_19525,rplF,0,4020215,4020748,-1,0,0,534,0,50S ribosomal protein L6
R7A2020_19530,rpsH,0,4020837,4021235,-1,0,0,399,0,30S ribosomal protein S8
R7A2020_19535,rpsN,0,4021248,4021553,-1,0,0,306,0,30S ribosomal protein S14
R7A2020_19540,rplE,0,4021581,4022159,-1,0,0,579,0,50S ribosomal protein L5
R7A2020_19545,rplX,0,4022152,4022466,-1,0,0,315,0,50S ribosomal protein L24
R7A2020_19550,rplN,0,4022479,4022847,-1,0,0,369,0,50S ribosomal protein L14
R7A2020_19555,rpsQ,0,4022932,4023171,-1,0,0,240,0,30S ribosomal protein S17
R7A2020_19560,rpmC,0,4023183,4023383,-1,0,0,201,0,50S ribosomal protein L29
R7A2020_19565,rplP,0,4023397,4023810,-1,0,0,414,0,50S ribosomal protein L16
R7A2020_19570,rpsC,0,4023838,4024563,-1,12,0.00161812297734628,726,1,30S ribosomal protein S3
R7A2020_19575,rplV,0,4024563,4024952,-1,0,0,390,0,50S ribosomal protein L22
R7A2020_19580,rpsS,0,4024955,4025233,-1,0,0,279,0,30S ribosomal protein S19
R7A2020_19585,rplB,0,4025250,4026083,-1,0,0,834,0,50S ribosomal protein L2
R7A2020_19590,R7A2020_19590,0,4026106,4026399,-1,0,0,294,0,50S ribosomal protein L23
R7A2020_19595,rplD,0,4026396,4027016,-1,0,0,621,0,50S ribosomal protein L4
R7A2020_19600,rplC,0,4027016,4027729,-1,0,0,714,0,50S ribosomal protein L3
R7A2020_19605,rpsJ,0,4027791,4028099,-1,0,0,309,0,30S ribosomal protein S10
R7A2020_19615,fusA,0,4029412,4031502,-1,0,0,2091,0,elongation factor G
R7A2020_19620,rpsG,0,4031531,4032001,-1,0,0,471,0,30S ribosomal protein S7
R7A2020_19625,R7A2020_19625,0,4032062,4032433,-1,0,0,372,0,30S ribosomal protein S12
R7A2020_19650,rpoC,0,4035548,4039744,-1,0,0,4197,0,DNA-directed RNA polymerase subunit beta'
R7A2020_19655,rpoB,0,4039875,4044011,-1,0,0,4137,0,DNA-directed RNA polymerase subunit beta
R7A2020_19660,rplL,0,4044262,4044639,-1,0,0,378,0,50S ribosomal protein L7/L12
R7A2020_19665,rplJ,0,4044694,4045212,-1,0,0,519,0,50S ribosomal protein L10
R7A2020_19670,rplA,0,4045606,4046304,-1,0,0,699,0,50S ribosomal protein L1
R7A2020_19675,rplK,0,4046309,4046737,-1,0,0,429,0,50S ribosomal protein L11
R7A2020_19680,nusG,0,4046908,4047435,-1,0,0,528,0,transcription termination/antitermination protein NusG
R7A2020_19685,secE,0,4047465,4047668,-1,0,0,204,0,preprotein translocase subunit SecE
R7A2020_19730,R7A2020_19730,0,4054318,4054391,-1,0,0,74,0,
R7A2020_19735,R7A2020_19735,0,4054482,4054566,-1,0,0,85,0,
R7A2020_19785,R7A2020_19785,0,4062228,4062303,1,0,0,76,0,
R7A2020_19880,R7A2020_19880,0,4078075,4078848,1,0,0,774,0,NAD kinase
R7A2020_19910,R7A2020_19910,0,4083421,4084552,-1,0,0,1132,0,peptide chain release factor 2
R7A2020_19915,R7A2020_19915,0,4084681,4087137,-1,0,0,2457,0,penicillin-binding protein 1A
R7A2020_19920,R7A2020_19920,0,4087351,4088613,-1,177,0.0037243947858473,1263,4,N-acetylmuramoyl-L-alanine amidase
R7A2020_19950,aroQ,0,4096964,4097398,1,0,0,435,0,type II 3-dehydroquinate dehydratase
R7A2020_19955,R7A2020_19955,0,4097425,4097883,1,0,0,459,0,acetyl-CoA carboxylase biotin carboxyl carrier protein
R7A2020_19960,accC,0,4097894,4099237,1,0,0,1344,0,acetyl-CoA carboxylase biotin carboxylase subunit
R7A2020_19975,R7A2020_19975,0,4100340,4100936,-1,127,0.00589390962671906,597,3,DUF2155 domain-containing protein
R7A2020_19980,R7A2020_19980,0,4101095,4101493,-1,23,0.00586510263929619,399,2,NADH:ubiquinone oxidoreductase subunit NDUFA12
R7A2020_20005,gatB,0,4104849,4106348,-1,0,0,1500,0,Asp-tRNA(Asn)/Glu-tRNA(Gln) amidotransferase subunit GatB
R7A2020_20025,R7A2020_20025,0,4108484,4109116,1,399,0.012987012987013,633,7,PAS domain-containing protein
R7A2020_20065,cysE,0,4113819,4114667,-1,84,0.00553250345781466,849,4,serine O-acetyltransferase
R7A2020_20140,R7A2020_20140,0,4127612,4127697,1,0,0,86,0,
R7A2020_20220,R7A2020_20220,0,4139028,4142801,1,0,0,3774,0,vitamin B12-dependent ribonucleotide reductase
R7A2020_20225,R7A2020_20225,0,4143653,4144765,1,574,0.0116156282998944,1113,11,acyltransferase
R7A2020_20445,R7A2020_20445,0,4180434,4181741,1,0,0,1308,0,adenylosuccinate lyase
R7A2020_20490,purQ,0,4187702,4188370,1,15,0.00350877192982456,669,2,phosphoribosylformylglycinamidine synthase subunit PurQ
R7A2020_20525,purL,0,4192358,4194589,1,281,0.00842992623814542,2232,16,phosphoribosylformylglycinamidine synthase subunit PurL
R7A2020_20540,grxD,0,4195619,4195954,1,0,0,336,0,Grx4 family monothiol glutaredoxin
R7A2020_20565,rpsD,0,4199699,4200316,-1,0,0,618,0,30S ribosomal protein S4
R7A2020_20575,R7A2020_20575,0,4200981,4201169,-1,7,0.00617283950617284,189,1,DUF3008 family protein
R7A2020_20585,R7A2020_20585,0,4202798,4203586,-1,25,0.00446428571428571,789,3,glutamate racemase
R7A2020_20600,R7A2020_20600,0,4206336,4207547,1,0,0,1212,0,NADP-dependent isocitrate dehydrogenase
R7A2020_20620,alaS,0,4208652,4211318,-1,0,0,2667,0,alanine--tRNA ligase
R7A2020_20650,sufA,0,4215835,4216215,-1,7,0.00617283950617284,381,2,Fe-S cluster assembly scaffold SufA
R7A2020_20655,R7A2020_20655,0,4216318,4216710,-1,4,0.00298507462686567,393,1,SUF system Fe-S cluster assembly protein
R7A2020_20660,R7A2020_20660,0,4216719,4217960,-1,0,0,1242,0,cysteine desulfurase
R7A2020_20665,sufD,0,4218075,4219343,-1,38,0.00277777777777778,1269,3,Fe-S cluster assembly protein SufD
R7A2020_20670,sufC,0,4219369,4220124,-1,0,0,756,0,Fe-S cluster assembly ATPase SufC
R7A2020_20680,sufB,0,4220352,4221869,-1,0,0,1518,0,Fe-S cluster assembly protein SufB
R7A2020_20685,R7A2020_20685,0,4222058,4223221,-1,41,0.00101010101010101,1164,1,cysteine desulfurase
R7A2020_20690,R7A2020_20690,0,4223460,4224134,1,0,0,675,0,alpha/beta hydrolase
R7A2020_20720,R7A2020_20720,0,4228732,4229985,1,0,0,1254,0,tyrosine--tRNA ligase
R7A2020_20820,R7A2020_20820,0,4250979,4251182,-1,54,0.0114942528735632,204,2,hypothetical protein
R7A2020_20850,R7A2020_20850,0,4255004,4256047,1,134,0.0123873873873874,1044,11,hypothetical protein
R7A2020_20870,R7A2020_20870,0,4260734,4261186,-1,137,0.0129533678756477,453,5,MucR family transcriptional regulator
R7A2020_20880,R7A2020_20880,0,4263158,4264405,1,298,0.0112994350282486,1248,12,nucleotidyltransferase
R7A2020_20885,R7A2020_20885,0,4265047,4265592,-1,151,0.010752688172043,546,5,recombinase family protein
R7A2020_20890,R7A2020_20890,0,4265917,4266741,1,7,0.00142450142450142,825,1,hypothetical protein
R7A2020_20895,R7A2020_20895,0,4266745,4267131,1,14,0.00606060606060606,387,2,transposase
R7A2020_20905,R7A2020_20905,0,4268842,4269678,1,23,0.00420757363253857,837,3,hypothetical protein
R7A2020_20910,R7A2020_20910,0,4269828,4270340,-1,62,0.0045766590389016,513,2,hypothetical protein
R7A2020_20915,R7A2020_20915,0,4270362,4271177,-1,81,0.00863309352517986,816,6,hypothetical protein
R7A2020_20925,hxsB,0,4272415,4273872,-1,669,0.0128928283642224,1458,16,His-Xaa-Ser system radical SAM maturase HxsB
R7A2020_20935,R7A2020_20935,0,4276523,4277812,1,340,0.0100273473108478,1290,11,RDD family protein
R7A2020_20940,R7A2020_20940,0,4277816,4278109,-1,0,0,294,0,hypothetical protein
R7A2020_20945,R7A2020_20945,0,4278204,4279235,1,20,0.00341685649202733,1032,3,DUF4238 domain-containing protein
R7A2020_20965,R7A2020_20965,0,4281977,4283062,1,311,0.00974025974025974,1086,9,site-specific integrase
R7A2020_20970,R7A2020_20970,0,4283166,4284590,-1,22,0.0033003300330033,1425,4,hypothetical protein
R7A2020_20975,R7A2020_20975,0,4285432,4285785,1,45,0.0132450331125828,354,4,hypothetical protein
R7A2020_21000,R7A2020_21000,0,4289992,4290067,-1,0,0,76,0,
R7A2020_21005,R7A2020_21005,0,4290285,4290361,1,0,0,77,0,
R7A2020_21070,R7A2020_21070,0,4301572,4301844,-1,13,0.00429184549356223,273,1,HU family DNA-binding protein
R7A2020_21075,lon,0,4302042,4304453,-1,0,0,2412,0,endopeptidase La
R7A2020_21080,clpX,0,4304728,4306002,-1,0,0,1275,0,ATP-dependent Clp protease ATP-binding subunit ClpX
R7A2020_21145,rplM,0,4316567,4317031,1,0,0,465,0,50S ribosomal protein L13
R7A2020_21150,rpsI,0,4317033,4317515,1,4,0.0024330900243309,483,1,30S ribosomal protein S9
R7A2020_21170,argC,0,4321198,4322124,1,0,0,927,0,N-acetyl-gamma-glutamyl-phosphate reductase
R7A2020_21260,R7A2020_21260,0,4341030,4341106,1,0,0,77,0,
R7A2020_21290,R7A2020_21290,0,4343971,4344510,-1,98,0.00217864923747277,540,1,MerR family transcriptional regulator
R7A2020_21295,R7A2020_21295,0,4344718,4345041,-1,0,0,324,0,integration host factor subunit alpha
R7A2020_21300,R7A2020_21300,0,4345144,4346115,-1,0,0,972,0,ketoacyl-ACP synthase III
R7A2020_21305,plsX,0,4346125,4347195,-1,0,0,1071,0,phosphate acyltransferase PlsX
R7A2020_21320,R7A2020_21320,0,4348518,4349033,1,0,0,516,0,outer membrane protein assembly factor BamE
R7A2020_21355,nusB,0,4356877,4357377,-1,0,0,501,0,transcription antitermination factor NusB
R7A2020_21365,R7A2020_21365,0,4357978,4358595,-1,0,0,618,0,riboflavin synthase
R7A2020_21370,ribD,0,4358723,4359853,-1,0,0,1131,0,bifunctional diaminohydroxyphosphoribosylaminopyrimidine deaminase/5-amino-6-(5-phosphoribosylamino)uracil reductase RibD
R7A2020_21390,R7A2020_21390,0,4361463,4362776,-1,196,0.00626118067978533,1314,7,serine hydroxymethyltransferase
R7A2020_21435,hemB,0,4370988,4372019,1,0,0,1032,0,porphobilinogen synthase
R7A2020_21460,R7A2020_21460,0,4376541,4376687,1,7,0.00793650793650794,147,1,hypothetical protein
R7A2020_21555,parC,0,4391730,4393982,-1,0,0,2253,0,DNA topoisomerase IV subunit A
R7A2020_21565,aspS,0,4395630,4397420,-1,0,0,1791,0,aspartate--tRNA ligase
R7A2020_21580,rnd,0,4399537,4400688,1,0,0,1152,0,ribonuclease D
R7A2020_21615,R7A2020_21615,0,4406095,4406892,-1,166,0.00441176470588235,798,3,RlmE family RNA methyltransferase
R7A2020_21630,R7A2020_21630,0,4409766,4409839,1,0,0,74,0,
R7A2020_21705,R7A2020_21705,0,4423916,4425688,-1,0,0,1773,0,glucan ABC transporter ATP-binding protein/ permease
R7A2020_21710,R7A2020_21710,0,4426059,4434656,-1,1477,0.00465116279069767,8598,34,protein ndvB
R7A2020_21760,R7A2020_21760,0,4444513,4445388,1,113,0.00804289544235925,876,6,metal ABC transporter permease
R7A2020_21915,R7A2020_21915,0,4476401,4477426,-1,0,0,1026,0,tetraacyldisaccharide 4'-kinase
R7A2020_21920,R7A2020_21920,0,4477428,4478744,-1,0,0,1317,0,3-deoxy-D-manno-octulosonic acid transferase
R7A2020_21925,R7A2020_21925,0,4478741,4479532,-1,0,0,792,0,DUF374 domain-containing protein
R7A2020_21995,R7A2020_21995,0,4492628,4493077,1,0,0,450,0,nucleoside deaminase
R7A2020_22005,R7A2020_22005,0,4494103,4497114,-1,0,0,3012,0,isoleucine--tRNA ligase
R7A2020_22030,R7A2020_22030,0,4500791,4501771,-1,0,0,981,0,bifunctional riboflavin kinase/FAD synthetase
R7A2020_22165,R7A2020_22165,0,4530007,4530303,1,0,0,297,0,co-chaperone GroES
R7A2020_22170,groL,0,4530366,4532021,1,25,0.0014194464158978,1656,2,chaperonin GroEL
R7A2020_22290,fumC,0,4546931,4548328,1,0,0,1398,0,class II fumarate hydratase
R7A2020_22310,R7A2020_22310,0,4550014,4551381,1,236,0.0103092783505155,1368,12,tyrosine-protein kinase family protein
R7A2020_22320,ppx,0,4553009,4554544,-1,77,0.00306044376434583,1536,4,exopolyphosphatase
R7A2020_22335,R7A2020_22335,0,4557237,4558469,1,0,0,1233,0,NAD(P)-binding protein
R7A2020_22340,R7A2020_22340,0,4558550,4559176,-1,19,0.00374531835205993,627,2,hypothetical protein
R7A2020_22525,R7A2020_22525,0,4590362,4590844,1,65,0.0048661800486618,483,2,hypothetical protein
R7A2020_22585,R7A2020_22585,0,4600692,4600892,1,388,0.0116959064327485,201,2,hypothetical protein
R7A2020_22765,R7A2020_22765,0,4626571,4627008,-1,288,0.0053475935828877,438,2,hypothetical protein
R7A2020_22785,R7A2020_22785,0,4628532,4628906,1,0,0,375,0,helix-turn-helix transcriptional regulator
R7A2020_22790,R7A2020_22790,0,4629440,4629973,1,34,0.00879120879120879,534,4,hypothetical protein
R7A2020_22800,R7A2020_22800,0,4630358,4630627,1,559,0.00869565217391304,270,2,hypothetical protein
R7A2020_22805,R7A2020_22805,0,4630769,4630906,1,0,0,138,0,hypothetical protein
R7A2020_22810,R7A2020_22810,0,4630903,4631427,1,11,0.00223713646532438,525,1,siphovirus Gp157 family protein
R7A2020_22815,bet,0,4631427,4632443,1,420,0.01270207852194,1017,11,phage recombination protein Bet
R7A2020_22840,R7A2020_22840,0,4634767,4634843,-1,0,0,77,0,
R7A2020_22850,R7A2020_22850,0,4635321,4635397,1,0,0,77,0,
R7A2020_22870,R7A2020_22870,0,4638038,4638742,-1,0,0,705,0,hypothetical protein
R7A2020_23005,R7A2020_23005,0,4664606,4665058,-1,155,0.0129533678756477,453,5,MucR family transcriptional regulator
R7A2020_23010,R7A2020_23010,0,4665211,4665414,-1,4,0.00574712643678161,204,1,hypothetical protein
R7A2020_23045,ndk,0,4670203,4670625,1,0,0,423,0,nucleoside-diphosphate kinase
R7A2020_23065,pgsA,0,4672324,4672920,-1,0,0,597,0,CDP-diacylglycerol--glycerol-3-phosphate 3-phosphatidyltransferase
R7A2020_23080,R7A2020_23080,0,4676257,4676913,1,79,0.0107142857142857,657,6,porin family protein
R7A2020_23200,R7A2020_23200,0,4697536,4697985,-1,0,0,450,0,DNA polymerase III subunit chi
R7A2020_23210,lptF,0,4699860,4701062,1,11,0.000977517106549365,1203,1,LPS export ABC transporter permease LptF
R7A2020_23215,lptG,0,4701062,4702144,1,41,0.001085776330076,1083,1,LPS export ABC transporter permease LptG
R7A2020_23220,R7A2020_23220,0,4702144,4704570,1,0,0,2427,0,LPS-assembly protein LptD
R7A2020_23225,R7A2020_23225,0,4704661,4705593,1,0,0,933,0,peptidylprolyl isomerase
R7A2020_23230,pdxA,0,4705595,4706623,1,4,0.00114155251141553,1029,1,4-hydroxythreonine-4-phosphate dehydrogenase PdxA
R7A2020_23245,gmk,0,4707949,4708605,-1,0,0,657,0,guanylate kinase
R7A2020_23255,mltG,0,4709673,4710953,-1,225,0.00734618916437098,1281,8,endolytic transglycosylase MltG
R7A2020_23260,fabF,0,4711056,4712318,-1,0,0,1263,0,beta-ketoacyl-ACP synthase II
R7A2020_23265,R7A2020_23265,0,4712353,4712589,-1,0,0,237,0,acyl carrier protein
R7A2020_23270,fabG,0,4712789,4713526,-1,0,0,738,0,3-oxoacyl-[acyl-carrier-protein] reductase
R7A2020_23275,fabD,0,4713586,4714533,-1,0,0,948,0,ACP S-malonyltransferase
R7A2020_23290,rpsF,0,4718895,4719395,1,0,0,501,0,30S ribosomal protein S6
R7A2020_23295,R7A2020_23295,0,4719395,4719643,1,80,0.00938967136150235,249,2,30S ribosomal protein S18
R7A2020_23335,R7A2020_23335,0,4725958,4727448,1,0,0,1491,0,replicative DNA helicase
R7A2020_23345,R7A2020_23345,0,4728966,4729634,1,37,0.00701754385964912,669,4,CvpA family protein
R7A2020_23395,R7A2020_23395,0,4739004,4739822,-1,0,0,819,0,phosphatidylcholine/phosphatidylserine synthase
R7A2020_23400,R7A2020_23400,0,4739826,4740524,-1,0,0,699,0,phosphatidylserine decarboxylase
R7A2020_23490,R7A2020_23490,0,4755929,4757362,-1,0,0,1434,0,cysteine--tRNA ligase
R7A2020_23525,R7A2020_23525,0,4761327,4762658,-1,192,0.00617828773168579,1332,7,dihydroorotase
R7A2020_23530,R7A2020_23530,0,4762734,4763594,1,368,0.00819672131147541,861,6,folate-binding protein YgfZ
R7A2020_23580,R7A2020_23580,0,4773366,4774157,-1,214,0.00890207715133531,792,6,anti-sigma factor
R7A2020_23610,R7A2020_23610,0,4780496,4781428,-1,4,0.00125944584382872,933,1,GTPase Era
R7A2020_23615,R7A2020_23615,0,4781413,4782126,-1,23,0.00164473684210526,714,1,ribonuclease III
R7A2020_23620,lepB,0,4782131,4782880,-1,0,0,750,0,signal peptidase I
R7A2020_23625,R7A2020_23625,0,4782958,4783371,-1,0,0,414,0,holo-ACP synthase
R7A2020_23640,R7A2020_23640,0,4784678,4785256,-1,21,0.00607287449392713,579,3,orotate phosphoribosyltransferase
R7A2020_23650,R7A2020_23650,0,4787644,4788045,-1,0,0,402,0,DNA-directed RNA polymerase subunit omega
R7A2020_23680,smpB,0,4791965,4792444,-1,10,0.00490196078431373,480,2,SsrA-binding protein SmpB
R7A2020_23685,R7A2020_23685,0,4792690,4793571,-1,0,0,882,0,4-hydroxy-tetrahydrodipicolinate synthase
R7A2020_23710,R7A2020_23710,0,4800242,4800332,-1,79,0.0128205128205128,91,1,
R7A2020_23715,R7A2020_23715,0,4800805,4801980,1,0,0,1176,0,porin
R7A2020_23825,R7A2020_23825,0,4823021,4824700,-1,0,0,1680,0,electron transfer flavoprotein-ubiquinone oxidoreductase
R7A2020_23840,R7A2020_23840,0,4825617,4826492,1,0,0,876,0,uracil-DNA glycosylase
R7A2020_23865,R7A2020_23865,0,4833716,4836037,1,17,0.00151975683890578,2322,3,PAS domain-containing protein
R7A2020_23900,R7A2020_23900,0,4843832,4845823,-1,442,0.012987012987013,1992,22,heme lyase CcmF/NrfE family subunit
R7A2020_23930,R7A2020_23930,0,4850426,4850725,-1,0,0,300,0,hypothetical protein
R7A2020_24060,R7A2020_24060,0,4875049,4876797,-1,167,0.00336021505376344,1749,5,PAS domain-containing sensor histidine kinase
R7A2020_24070,R7A2020_24070,0,4877776,4878204,1,0,0,429,0,SufE family protein
R7A2020_24110,R7A2020_24110,0,4884498,4885097,-1,10,0.00196078431372549,600,1,superoxide dismutase
R7A2020_24245,R7A2020_24245,0,4915963,4916039,1,0,0,77,0,
R7A2020_24310,R7A2020_24310,0,4930602,4932230,-1,0,0,1629,0,alpha-D-glucose phosphate-specific phosphoglucomutase
R7A2020_24325,glgB,0,4935082,4937295,-1,449,0.00424853956452469,2214,8,1,4-alpha-glucan branching protein GlgB
R7A2020_24365,R7A2020_24365,0,4946106,4947248,1,0,0,1143,0,DegT/DnrJ/EryC1/StrS aminotransferase family protein
R7A2020_24430,R7A2020_24430,0,4962842,4963375,-1,131,0.010989010989011,534,5,pseudogene
R7A2020_24445,R7A2020_24445,0,4966287,4968200,-1,409,0.00982800982800983,1914,16,hypothetical protein
R7A2020_24480,rfbD,0,4976297,4977175,-1,22,0.00133511348464619,879,1,dTDP-4-dehydrorhamnose reductase
R7A2020_24490,rfbC,0,4978262,4978813,-1,77,0.00425531914893617,552,2,dTDP-4-dehydrorhamnose 3,5-epimerase
R7A2020_24580,R7A2020_24580,0,4996750,4996824,1,0,0,75,0,
R7A2020_24595,R7A2020_24595,0,5000935,5001678,-1,217,0.004739336492891,744,3,DsbA family protein
R7A2020_24600,R7A2020_24600,0,5001833,5002342,-1,0,0,510,0,DUF721 domain-containing protein
R7A2020_24615,R7A2020_24615,0,5004206,5005339,-1,0,0,1134,0,site-specific DNA-methyltransferase
R7A2020_24630,R7A2020_24630,0,5007106,5008503,1,0,0,1398,0,threonine synthase
R7A2020_24645,R7A2020_24645,0,5010426,5013314,1,0,0,2889,0,EAL domain-containing protein
R7A2020_24675,rnhA,0,5016692,5017225,-1,177,0.00659340659340659,534,3,ribonuclease HI
R7A2020_24680,R7A2020_24680,0,5017236,5018198,-1,0,0,963,0,homoserine kinase
R7A2020_24685,ispH,0,5018204,5019214,-1,0,0,1011,0,4-hydroxy-3-methylbut-2-enyl diphosphate reductase
R7A2020_24735,R7A2020_24735,0,5026689,5027249,1,6,0.00209643605870021,561,1,invasion associated locus B family protein
R7A2020_24785,dxs,0,5036412,5038325,-1,0,0,1914,0,1-deoxy-D-xylulose-5-phosphate synthase
R7A2020_24820,R7A2020_24820,0,5043110,5043718,-1,25,0.00385356454720617,609,2,TetR/AcrR family transcriptional regulator
R7A2020_24840,aroC,0,5046852,5047967,-1,52,0.00105263157894737,1116,1,chorismate synthase
R7A2020_24855,fabI,0,5049101,5049919,-1,0,0,819,0,enoyl-ACP reductase FabI
R7A2020_24870,pdxH,0,5051557,5052174,1,0,0,618,0,pyridoxamine 5'-phosphate oxidase
R7A2020_24910,R7A2020_24910,0,5059905,5060888,1,238,0.004778972520908,984,4,4-hydroxybenzoate octaprenyltransferase
R7A2020_24920,R7A2020_24920,0,5061672,5063102,-1,0,0,1431,0,FAD-binding oxidoreductase
R7A2020_24925,R7A2020_24925,0,5063112,5064086,-1,0,0,975,0,threonylcarbamoyl-AMP synthase
R7A2020_24945,R7A2020_24945,0,5065796,5067952,-1,0,0,2157,0,glycine--tRNA ligase subunit beta
R7A2020_24950,R7A2020_24950,0,5068328,5069287,-1,0,0,960,0,glycine--tRNA ligase subunit alpha
R7A2020_24980,R7A2020_24980,0,5073961,5074977,-1,0,0,1017,0,polyprenyl synthetase family protein
R7A2020_25005,R7A2020_25005,0,5077515,5078402,1,0,0,888,0,4-(cytidine 5'-diphospho)-2-C-methyl-D-erythritol kinase
R7A2020_25035,R7A2020_25035,0,5083090,5083581,-1,252,0.00715990453460621,492,3,F0F1 ATP synthase subunit B
R7A2020_25040,R7A2020_25040,0,5083592,5084191,-1,27,0.00196078431372549,600,1,F0F1 ATP synthase subunit B
R7A2020_25045,R7A2020_25045,0,5084259,5084483,-1,0,0,225,0,F0F1 ATP synthase subunit C
R7A2020_25050,R7A2020_25050,0,5084560,5085318,-1,0,0,759,0,F0F1 ATP synthase subunit A
R7A2020_25075,der,0,5089746,5091185,-1,0,0,1440,0,ribosome biogenesis GTPase Der
R7A2020_25235,R7A2020_25235,0,5119601,5120191,-1,48,0.00397614314115308,591,2,TetR/AcrR family transcriptional regulator
R7A2020_25310,R7A2020_25310,0,5138166,5140160,-1,184,0.00707130229817325,1995,12,methyltransferase domain-containing protein
R7A2020_25315,R7A2020_25315,0,5140157,5140720,-1,10,0.00416666666666667,564,2,pseudogene
R7A2020_25320,R7A2020_25320,0,5140741,5141541,1,227,0.013215859030837,801,9,acyltransferase
R7A2020_25325,R7A2020_25325,0,5141538,5142275,1,214,0.00794912559618442,738,5,acyltransferase
R7A2020_25330,R7A2020_25330,0,5142290,5142610,1,6,0.00366300366300366,321,1,hypothetical protein
R7A2020_26455,R7A2020_26455,0,5389873,5389998,-1,6,0.00925925925925926,126,1,pseudogene
R7A2020_26560,R7A2020_26560,0,5410091,5410990,-1,50,0.0104575163398693,900,8,N-acetyltransferase
R7A2020_26805,guaA,0,5467136,5468698,-1,0,0,1563,0,glutamine-hydrolyzing GMP synthase
R7A2020_26880,R7A2020_26880,0,5482185,5482883,-1,0,0,699,0,ATP phosphoribosyltransferase
R7A2020_26885,R7A2020_26885,0,5482880,5484001,-1,0,0,1122,0,ATP phosphoribosyltransferase regulatory subunit
R7A2020_26890,R7A2020_26890,0,5484183,5485679,-1,0,0,1497,0,histidine--tRNA ligase
R7A2020_26985,R7A2020_26985,0,5502458,5503831,1,0,0,1374,0,glutamate--cysteine ligase
R7A2020_27005,R7A2020_27005,0,5506579,5508144,1,85,0.0015015015015015,1566,2,exodeoxyribonuclease VII large subunit
R7A2020_27560,R7A2020_27560,0,5632760,5633026,1,71,0.0043859649122807,267,1,acyl carrier protein
R7A2020_27585,R7A2020_27585,0,5636131,5636526,1,20,0.00887573964497041,396,3,cupin domain-containing protein
R7A2020_27685,R7A2020_27685,0,5662128,5662541,-1,111,0.0113314447592068,414,4,hypothetical protein
R7A2020_27695,R7A2020_27695,0,5663089,5663391,-1,4,0.00387596899224806,303,1,hypothetical protein
R7A2020_27730,R7A2020_27730,0,5671627,5671965,1,14,0.00689655172413793,339,2,hypothetical protein
R7A2020_27890,R7A2020_27890,0,5707928,5708050,-1,3,0.00952380952380952,123,1,pseudogene
R7A2020_27895,R7A2020_27895,0,5708111,5708211,-1,6,0.0116279069767442,101,1,pseudogene
R7A2020_27900,R7A2020_27900,0,5708696,5709271,-1,147,0.0122199592668024,576,6,DUF1349 domain-containing protein
R7A2020_27955,R7A2020_27955,0,5722224,5723045,-1,400,0.011444921316166,822,8,helix-turn-helix transcriptional regulator
R7A2020_28105,R7A2020_28105,0,5751197,5751894,1,129,0.0117647058823529,698,7,pseudogene
R7A2020_28275,R7A2020_28275,0,5786807,5786883,-1,0,0,77,0,
R7A2020_28285,R7A2020_28285,0,5787948,5791994,1,443,0.00290613193839,4047,10,PAS domain S-box protein
R7A2020_28295,R7A2020_28295,0,5794397,5796250,1,47,0.00126823081800888,1854,2,AsmA family protein
R7A2020_28400,folD,0,5819506,5820405,-1,7,0.00130718954248366,900,1,bifunctional methylenetetrahydrofolate dehydrogenase/methenyltetrahydrofolate cyclohydrolase FolD
R7A2020_28630,R7A2020_28630,0,5876309,5876383,-1,0,0,75,0,
R7A2020_28640,murA,0,5876852,5878144,1,0,0,1293,0,UDP-N-acetylglucosamine 1-carboxyvinyltransferase
R7A2020_28650,hisD,0,5878753,5880045,1,75,0.00454545454545455,1293,5,histidinol dehydrogenase
R7A2020_28655,R7A2020_28655,0,5880052,5880537,1,81,0.00966183574879227,486,4,UPF0262 family protein
R7A2020_28665,infA,0,5881192,5881410,1,0,0,219,0,translation initiation factor IF-1
R7A2020_28670,R7A2020_28670,0,5881434,5882060,1,0,0,627,0,Maf-like protein
R7A2020_28745,R7A2020_28745,0,5899896,5899971,1,0,0,76,0,
R7A2020_31155,R7A2020_31155,0,6441491,6442570,1,205,0.00762527233115468,1080,7,quinone-dependent dihydroorotate dehydrogenase
R7A2020_31215,R7A2020_31215,0,6454254,6455003,1,88,0.0125391849529781,750,8,glycosyltransferase family 25 protein
R7A2020_31260,R7A2020_31260,0,6465228,6466418,1,0,0,1191,0,O-succinylhomoserine sulfhydrylase
R7A2020_31280,argF,0,6469497,6470408,-1,0,0,912,0,ornithine carbamoyltransferase
R7A2020_31285,R7A2020_31285,0,6470425,6471624,-1,10,0.000980392156862745,1200,1,aspartate aminotransferase family protein
R7A2020_31290,R7A2020_31290,0,6471982,6472497,1,0,0,516,0,GcrA cell cycle regulator
R7A2020_31300,phoU,0,6473704,6474426,-1,0,0,723,0,phosphate signaling complex protein PhoU
R7A2020_31305,R7A2020_31305,0,6474541,6475806,-1,55,0.00371402042711235,1266,4,two-component sensor histidine kinase
R7A2020_31340,R7A2020_31340,0,6481000,6482646,1,0,0,1647,0,lysine--tRNA ligase
R7A2020_31540,rpsT,0,6529282,6529548,1,0,0,267,0,30S ribosomal protein S20
